tanggal,harga_emas
2010-01-05,410000.0
2010-01-06,410000.0
2010-01-07,412000.0
2010-01-08,410000.0
2010-01-11,413000.0
2010-01-12,410000.0
2010-01-13,409000.0
2010-01-14,410000.0
2010-01-15,408000.0
2010-01-18,406000.0
2010-01-19,410000.0
2010-01-20,410000.0
2010-01-21,408000.0
2010-01-22,404000.0
2010-01-25,404000.0
2010-01-26,404000.0
2010-01-27,404000.0
2010-01-28,403000.0
2010-01-29,403000.0
2010-02-01,403000.0
2010-02-02,405000.0
2010-02-03,406000.0
2010-02-04,404000.0
2010-02-05,401000.0
2010-02-08,400000.0
2010-02-09,401000.0
2010-02-10,402000.0
2010-02-11,401000.0
2010-02-12,403000.0
2010-02-15,402000.0
2010-02-16,403000.0
2010-02-17,406000.0
2010-02-18,401000.0
2010-02-19,401000.0
2010-02-22,408000.0
2010-02-23,402000.0
2010-02-24,401000.0
2010-02-25,400000.0
2010-02-26,402000.0
2010-03-01,404000.0
2010-03-02,401000.0
2010-03-03,405000.0
2010-03-04,406000.0
2010-03-05,403000.0
2010-03-08,404000.0
2010-03-09,400000.0
2010-03-10,399000.0
2010-03-11,398000.0
2010-03-12,398000.0
2010-03-15,397000.0
2010-03-16,398500.0
2010-03-17,400000.0
2010-03-18,398000.0
2010-03-19,397000.0
2010-03-22,396000.0
2010-03-23,395000.0
2010-03-24,395000.0
2010-03-25,394000.0
2010-03-26,395000.0
2010-03-29,396000.0
2010-03-30,396000.0
2010-03-31,395000.0
2010-04-01,397000.0
2010-04-02,398000.0
2010-04-05,399000.0
2010-04-06,399000.0
2010-04-07,399000.0
2010-04-08,401000.0
2010-04-09,403000.0
2010-04-12,408000.0
2010-04-13,403000.0
2010-04-14,401000.0
2010-04-15,401000.0
2010-04-16,401000.0
2010-04-19,397000.0
2010-04-20,398000.0
2010-04-21,398000.0
2010-04-22,399000.0
2010-04-23,399000.0
2010-04-26,402000.0
2010-04-27,401000.0
2010-04-28,404000.0
2010-04-29,404000.0
2010-04-30,406000.0
2010-05-03,407000.0
2010-05-04,408000.0
2010-05-05,405000.0
2010-05-06,411000.0
2010-05-07,420000.0
2010-05-10,423000.0
2010-05-11,417000.0
2010-05-12,424000.0
2010-05-13,425000.0
2010-05-14,426000.0
2010-05-17,429000.0
2010-05-18,426000.0
2010-05-19,425000.0
2010-05-20,417000.0
2010-05-21,415000.0
2010-05-24,420000.0
2010-05-25,424000.0
2010-05-26,427000.0
2010-05-27,429000.0
2010-05-28,428500.0
2010-05-31,428000.0
2010-06-01,425000.0
2010-06-02,427000.0
2010-06-03,428000.0
2010-06-04,421000.0
2010-06-07,427000.0
2010-06-08,434000.0
2010-06-09,433000.0
2010-06-10,430000.0
2010-06-11,427000.0
2010-06-14,428000.0
2010-06-15,424000.0
2010-06-16,428000.0
2010-06-17,427000.0
2010-06-18,431000.0
2010-06-21,434000.0
2010-06-22,423000.0
2010-06-23,427000.0
2010-06-24,424000.0
2010-06-25,425000.0
2010-06-28,430000.0
2010-06-29,424000.0
2010-06-30,426000.0
2010-07-01,427000.0
2010-07-02,417000.0
2010-07-05,418000.0
2010-07-06,417000.0
2010-07-07,416000.0
2010-07-08,418000.0
2010-07-09,415000.0
2010-07-12,418000.0
2010-07-13,415000.0
2010-07-14,418000.0
2010-07-15,417000.0
2010-07-16,417000.0
2010-07-19,414000.0
2010-07-20,412000.0
2010-07-21,413000.0
2010-07-22,412000.0
2010-07-23,414000.0
2010-07-26,413000.0
2010-07-27,411000.0
2010-07-28,409000.0
2010-07-29,410000.0
2010-07-30,410000.0
2010-08-02,410000.0
2010-08-03,410000.0
2010-08-04,411000.0
2010-08-05,412000.0
2010-08-06,412000.0
2010-08-09,413000.0
2010-08-10,412000.0
2010-08-11,413000.0
2010-08-12,414000.0
2010-08-13,418000.0
2010-08-16,418000.0
2010-08-17,419000.0
2010-08-18,420000.0
2010-08-19,421000.0
2010-08-20,421000.0
2010-08-23,420000.0
2010-08-24,418000.0
2010-08-25,420000.0
2010-08-26,422000.0
2010-08-27,423000.0
2010-08-30,422000.0
2010-08-31,422000.0
2010-09-01,426000.0
2010-09-02,425000.0
2010-09-03,426000.0
2010-09-06,425000.0
2010-09-07,424000.0
2010-09-08,427000.0
2010-09-09,426750.0
2010-09-10,426500.0
2010-09-13,426250.0
2010-09-14,426000.0
2010-09-15,431000.0
2010-09-16,430000.0
2010-09-17,434000.0
2010-09-20,433000.0
2010-09-21,433000.0
2010-09-22,436000.0
2010-09-23,437000.0
2010-09-24,436000.0
2010-09-27,438000.0
2010-09-28,437000.0
2010-09-29,442000.0
2010-09-30,442000.0
2010-10-01,441000.0
2010-10-04,443000.0
2010-10-05,442000.0
2010-10-06,452000.0
2010-10-07,450000.0
2010-10-08,448000.0
2010-10-11,452000.0
2010-10-12,453000.0
2010-10-13,453000.0
2010-10-14,460000.0
2010-10-15,460000.0
2010-10-18,455000.0
2010-10-19,459000.0
2010-10-20,448000.0
2010-10-21,451000.0
2010-10-22,445000.0
2010-10-25,447000.0
2010-10-26,449000.0
2010-10-27,449000.0
2010-10-28,445000.0
2010-10-29,450000.0
2010-11-01,455000.0
2010-11-02,452000.0
2010-11-03,451500.0
2010-11-04,451000.0
2010-11-05,462000.0
2010-11-08,464000.0
2010-11-09,466000.0
2010-11-10,464000.0
2010-11-11,465000.0
2010-11-12,465000.0
2010-11-15,458000.0
2010-11-16,455000.0
2010-11-17,453500.0
2010-11-18,452000.0
2010-11-19,456000.0
2010-11-22,455000.0
2010-11-23,455000.0
2010-11-24,459000.0
2010-11-25,462000.0
2010-11-26,460000.0
2010-11-29,457000.0
2010-11-30,462000.0
2010-12-01,467000.0
2010-12-02,468000.0
2010-12-03,468000.0
2010-12-06,474000.0
2010-12-07,472500.0
2010-12-08,471000.0
2010-12-09,466000.0
2010-12-10,467000.0
2010-12-13,466000.0
2010-12-14,470000.0
2010-12-15,470000.0
2010-12-16,465000.0
2010-12-17,464000.0
2010-12-20,467000.0
2010-12-21,468000.0
2010-12-22,468000.0
2010-12-23,468000.0
2010-12-24,467000.0
2010-12-27,466000.0
2010-12-28,468000.0
2010-12-29,473000.0
2010-12-30,474000.0
2010-12-31,471000.0
2011-01-03,474000.0
2011-01-04,473000.0
2011-01-05,464000.0
2011-01-06,463000.0
2011-01-07,461000.0
2011-01-10,462000.0
2011-01-11,466000.0
2011-01-12,469000.0
2011-01-13,469000.0
2011-01-14,466000.0
2011-01-17,464000.0
2011-01-18,464000.0
2011-01-19,467000.0
2011-01-20,466000.0
2011-01-21,462000.0
2011-01-24,462000.0
2011-01-25,460000.0
2011-01-26,460000.0
2011-01-27,461000.0
2011-01-28,458000.0
2011-01-31,460000.0
2011-02-01,460000.0
2011-02-02,461000.0
2011-02-03,461500.0
2011-02-04,462000.0
2011-02-07,462000.0
2011-02-08,461000.0
2011-02-09,463000.0
2011-02-10,462000.0
2011-02-11,462000.0
2011-02-14,462000.0
2011-02-15,463000.0
2011-02-16,464000.0
2011-02-17,464000.0
2011-02-18,465000.0
2011-02-21,470000.0
2011-02-22,472000.0
2011-02-23,470000.0
2011-02-24,473000.0
2011-02-25,470000.0
2011-02-28,472000.0
2011-03-01,469000.0
2011-03-02,475000.0
2011-03-03,476000.0
2011-03-04,471000.0
2011-03-07,475000.0
2011-03-08,475000.0
2011-03-09,474000.0
2011-03-10,472000.0
2011-03-11,467000.0
2011-03-14,472000.0
2011-03-15,471000.0
2011-03-16,462000.0
2011-03-17,462000.0
2011-03-18,468000.0
2011-03-21,471000.0
2011-03-22,471000.0
2011-03-23,469000.0
2011-03-24,472000.0
2011-03-25,472000.0
2011-03-28,468000.0
2011-03-29,467000.0
2011-03-30,467000.0
2011-03-31,469000.0
2011-04-01,471000.0
2011-04-04,470000.0
2011-04-05,471000.0
2011-04-06,476000.0
2011-04-07,476000.0
2011-04-08,476000.0
2011-04-11,480000.0
2011-04-12,476000.0
2011-04-13,476000.0
2011-04-14,476000.0
2011-04-15,480000.0
2011-04-18,483000.0
2011-04-19,485000.0
2011-04-20,486000.0
2011-04-21,487000.0
2011-04-22,487500.0
2011-04-25,488000.0
2011-04-26,485000.0
2011-04-27,488000.0
2011-04-28,493000.0
2011-04-29,495000.0
2011-05-02,497000.0
2011-05-03,492000.0
2011-05-04,490000.0
2011-05-05,485000.0
2011-05-06,475000.0
2011-05-09,480000.0
2011-05-10,483000.0
2011-05-11,485000.0
2011-05-12,482000.0
2011-05-13,481000.0
2011-05-16,478000.0
2011-05-17,478000.0
2011-05-18,478000.0
2011-05-19,480000.0
2011-05-20,480000.0
2011-05-23,485000.0
2011-05-24,485000.0
2011-05-25,488000.0
2011-05-26,489000.0
2011-05-27,488000.0
2011-05-30,491000.0
2011-05-31,491000.0
2011-06-01,489000.0
2011-06-02,489666.6666666667
2011-06-03,490333.3333333333
2011-06-06,491000.0
2011-06-07,490000.0
2011-06-08,489000.0
2011-06-09,488000.0
2011-06-10,490000.0
2011-06-13,486000.0
2011-06-14,484000.0
2011-06-15,486000.0
2011-06-16,487000.0
2011-06-17,489000.0
2011-06-20,493000.0
2011-06-21,492000.0
2011-06-22,494000.0
2011-06-23,495000.0
2011-06-24,488000.0
2011-06-27,483000.0
2011-06-28,484000.0
2011-06-29,485000.0
2011-06-30,486000.0
2011-07-01,483000.0
2011-07-04,479000.0
2011-07-05,480000.0
2011-07-06,484000.0
2011-07-07,487000.0
2011-07-08,488000.0
2011-07-11,491000.0
2011-07-12,494000.0
2011-07-13,498000.0
2011-07-14,505000.0
2011-07-15,504000.0
2011-07-18,505000.0
2011-07-19,509000.0
2011-07-20,505000.0
2011-07-21,508000.0
2011-07-22,505000.0
2011-07-25,511000.0
2011-07-26,511000.0
2011-07-27,512000.0
2011-07-28,509000.0
2011-07-29,510000.0
2011-08-01,510000.0
2011-08-02,510000.0
2011-08-03,518000.0
2011-08-04,522000.0
2011-08-05,516000.0
2011-08-08,530000.0
2011-08-09,540000.0
2011-08-10,553000.0
2011-08-11,563000.0
2011-08-12,550000.0
2011-08-15,544000.0
2011-08-16,554000.0
2011-08-17,556000.0
2011-08-18,558000.0
2011-08-19,570000.0
2011-08-22,585000.0
2011-08-23,594000.0
2011-08-24,576000.0
2011-08-25,552000.0
2011-08-26,556000.0
2011-08-29,565500.0
2011-08-30,575000.0
2011-08-31,578750.0
2011-09-01,582500.0
2011-09-02,586250.0
2011-09-05,590000.0
2011-09-06,590000.0
2011-09-07,590000.0
2011-09-08,577000.0
2011-09-09,590000.0
2011-09-12,588000.0
2011-09-13,578000.0
2011-09-14,588000.0
2011-09-15,594000.0
2011-09-16,580000.0
2011-09-19,596000.0
2011-09-20,590000.0
2011-09-21,605000.0
2011-09-22,595000.0
2011-09-23,585000.0
2011-09-26,575000.0
2011-09-27,575000.0
2011-09-28,575000.0
2011-09-29,575000.0
2011-09-30,575000.0
2011-10-03,570000.0
2011-10-04,575000.0
2011-10-05,572000.0
2011-10-06,574000.0
2011-10-07,575000.0
2011-10-10,575000.0
2011-10-11,580000.0
2011-10-12,576000.0
2011-10-13,580000.0
2011-10-14,575000.0
2011-10-17,575000.0
2011-10-18,571000.0
2011-10-19,570000.0
2011-10-20,568000.0
2011-10-21,565000.0
2011-10-24,570000.0
2011-10-25,560000.0
2011-10-26,570000.0
2011-10-27,575000.0
2011-10-28,580000.0
2011-10-31,573000.0
2011-11-01,565000.0
2011-11-02,567000.0
2011-11-03,572000.0
2011-11-04,578000.0
2011-11-07,575000.0
2011-11-08,584000.0
2011-11-09,583000.0
2011-11-10,576000.0
2011-11-11,573500.0
2011-11-14,588000.0
2011-11-15,580000.0
2011-11-16,582000.0
2011-11-17,580000.0
2011-11-18,572000.0
2011-11-21,572000.0
2011-11-22,565000.0
2011-11-23,570000.0
2011-11-24,570000.0
2011-11-25,573000.0
2011-11-28,573000.0
2011-11-29,580000.0
2011-11-30,585000.0
2011-12-01,587000.0
2011-12-02,578000.0
2011-12-05,584000.0
2011-12-06,572000.0
2011-12-07,573000.0
2011-12-08,576000.0
2011-12-09,570000.0
2011-12-12,569000.0
2011-12-13,566000.0
2011-12-14,562000.0
2011-12-15,559000.0
2011-12-16,650000.0
2011-12-19,564000.0
2011-12-20,565000.0
2011-12-21,569000.0
2011-12-22,568000.0
2011-12-23,567000.0
2011-12-26,565000.0
2011-12-27,563000.0
2011-12-28,563000.0
2011-12-29,557000.0
2011-12-30,555000.0
2012-01-02,555000.0
2012-01-03,559000.0
2012-01-04,565000.0
2012-01-05,566000.0
2012-01-06,567000.0
2012-01-09,565000.0
2012-01-10,566000.0
2012-01-11,570000.0
2012-01-12,571000.0
2012-01-13,572000.0
2012-01-16,565000.0
2012-01-17,566000.0
2012-01-18,567000.0
2012-01-19,564000.0
2012-01-20,559000.0
2012-01-23,559000.0
2012-01-24,559000.0
2012-01-25,557000.0
2012-01-26,571000.0
2012-01-27,572000.0
2012-01-30,573000.0
2012-01-31,570000.0
2012-02-01,571000.0
2012-02-02,574000.0
2012-02-03,569000.0
2012-02-06,565000.0
2012-02-07,564000.0
2012-02-08,570000.0
2012-02-09,568000.0
2012-02-10,566000.0
2012-02-13,570000.0
2012-02-14,570000.0
2012-02-15,570000.0
2012-02-16,572000.0
2012-02-17,572000.0
2012-02-20,576000.0
2012-02-21,576000.0
2012-02-22,581000.0
2012-02-23,588000.0
2012-02-24,589000.0
2012-02-27,588000.0
2012-02-28,588000.0
2012-02-29,592000.0
2012-03-01,578000.0
2012-03-02,579000.0
2012-03-05,578000.0
2012-03-06,577000.0
2012-03-07,573000.0
2012-03-08,575000.0
2012-03-09,577000.0
2012-03-12,578000.0
2012-03-13,576000.0
2012-03-14,571000.0
2012-03-15,567000.0
2012-03-16,570000.0
2012-03-19,571000.0
2012-03-20,571500.0
2012-03-21,569000.0
2012-03-22,570000.0
2012-03-23,571500.0
2012-03-26,573000.0
2012-03-27,579000.0
2012-03-28,579000.0
2012-03-29,576000.0
2012-03-30,576000.0
2012-04-02,579000.0
2012-04-03,579000.0
2012-04-04,574000.0
2012-04-05,568000.0
2012-04-06,571000.0
2012-04-09,574000.0
2012-04-10,574000.0
2012-04-11,574000.0
2012-04-12,575000.0
2012-04-13,577000.0
2012-04-16,568000.0
2012-04-17,567000.0
2012-04-18,567000.0
2012-04-19,570000.0
2012-04-20,567250.0
2012-04-23,564500.0
2012-04-24,564500.0
2012-04-25,565000.0
2012-04-26,565000.0
2012-04-27,565500.0
2012-04-30,565000.0
2012-05-01,563000.0
2012-05-02,559000.0
2012-05-03,555000.0
2012-05-04,554000.0
2012-05-07,558000.0
2012-05-08,558000.0
2012-05-09,554000.0
2012-05-10,552000.0
2012-05-11,553000.0
2012-05-14,553000.0
2012-05-15,553000.0
2012-05-16,549500.0
2012-05-17,550500.0
2012-05-18,551500.0
2012-05-21,552500.0
2012-05-22,552500.0
2012-05-23,550500.0
2012-05-24,550500.0
2012-05-25,550500.0
2012-05-28,552000.0
2012-05-29,555000.0
2012-05-30,551000.0
2012-05-31,556000.0
2012-06-01,555000.0
2012-06-04,563000.0
2012-06-05,565000.0
2012-06-06,565000.0
2012-06-07,565000.0
2012-06-08,560000.0
2012-06-11,565000.0
2012-06-12,561000.0
2012-06-13,563000.0
2012-06-14,564000.0
2012-06-15,566000.0
2012-06-18,566000.0
2012-06-19,567000.0
2012-06-20,565000.0
2012-06-21,563000.0
2012-06-22,557000.0
2012-06-25,557000.0
2012-06-26,559000.0
2012-06-27,558000.0
2012-06-28,558000.0
2012-06-29,555000.0
2012-07-02,562000.0
2012-07-03,558000.0
2012-07-04,565000.0
2012-07-05,560000.0
2012-07-06,559000.0
2012-07-09,555000.0
2012-07-10,556000.0
2012-07-11,555000.0
2012-07-12,554000.0
2012-07-13,551000.0
2012-07-16,559000.0
2012-07-17,559000.0
2012-07-18,555000.0
2012-07-19,551000.0
2012-07-20,554000.0
2012-07-23,554000.0
2012-07-24,554000.0
2012-07-25,555000.0
2012-07-26,560000.0
2012-07-27,564000.0
2012-07-30,565000.0
2012-07-31,565000.0
2012-08-01,562000.0
2012-08-02,561000.0
2012-08-03,559000.0
2012-08-06,562000.0
2012-08-07,563000.0
2012-08-08,563000.0
2012-08-09,563000.0
2012-08-10,562000.0
2012-08-13,563000.0
2012-08-14,560000.0
2012-08-15,558000.0
2012-08-16,558000.0
2012-08-17,560400.0
2012-08-20,562800.0
2012-08-21,565200.0
2012-08-22,567600.0
2012-08-23,570000.0
2012-08-24,574000.0
2012-08-27,575500.0
2012-08-28,572000.0
2012-08-29,572500.0
2012-08-30,570000.0
2012-08-31,571000.0
2012-09-03,581000.0
2012-09-04,583000.0
2012-09-05,583000.0
2012-09-06,583000.0
2012-09-07,584000.0
2012-09-10,599000.0
2012-09-11,596000.0
2012-09-12,596000.0
2012-09-13,595200.0
2012-09-14,607200.0
2012-09-17,608200.0
2012-09-18,596200.0
2012-09-19,601200.0
2012-09-20,605200.0
2012-09-21,604200.0
2012-09-24,604200.0
2012-09-25,604200.0
2012-09-26,604200.0
2012-09-27,604200.0
2012-09-28,610200.0
2012-10-01,605200.0
2012-10-02,609200.0
2012-10-03,607200.0
2012-10-04,609200.0
2012-10-05,614200.0
2012-10-08,610200.0
2012-10-09,609200.0
2012-10-10,606200.0
2012-10-11,606200.0
2012-10-12,609200.0
2012-10-15,603200.0
2012-10-16,603200.0
2012-10-17,606200.0
2012-10-18,604200.0
2012-10-19,601200.0
2012-10-22,594200.0
2012-10-23,600200.0
2012-10-24,596200.0
2012-10-25,596200.0
2012-10-26,596700.0
2012-10-29,597200.0
2012-10-30,595200.0
2012-10-31,596200.0
2012-11-01,599200.0
2012-11-02,599200.0
2012-11-05,594200.0
2012-11-06,594200.0
2012-11-07,598200.0
2012-11-08,602200.0
2012-11-09,605200.0
2012-11-12,606200.0
2012-11-13,602000.0
2012-11-14,602200.0
2012-11-15,601200.0
2012-11-16,600200.0
2012-11-19,599200.0
2012-11-20,602200.0
2012-11-21,602200.0
2012-11-22,602200.0
2012-11-23,602200.0
2012-11-26,606200.0
2012-11-27,606200.0
2012-11-28,604200.0
2012-11-29,598200.0
2012-11-30,601200.0
2012-12-03,600200.0
2012-12-04,600200.0
2012-12-05,597200.0
2012-12-06,597200.0
2012-12-07,599200.0
2012-12-10,602200.0
2012-12-11,604200.0
2012-12-12,604200.0
2012-12-13,604200.0
2012-12-14,599200.0
2012-12-17,601200.0
2012-12-18,602200.0
2012-12-19,598200.0
2012-12-20,597200.0
2012-12-21,591200.0
2012-12-24,593533.3333333334
2012-12-25,595866.6666666666
2012-12-26,598200.0
2012-12-27,601200.0
2012-12-28,604200.0
2012-12-31,602533.3333333334
2013-01-01,600866.6666666666
2013-01-02,599200.0
2013-01-03,605200.0
2013-01-04,597200.0
2013-01-07,601200.0
2013-01-08,598200.0
2013-01-09,600200.0
2013-01-10,597200.0
2013-01-11,599200.0
2013-01-14,598200.0
2013-01-15,600200.0
2013-01-16,606200.0
2013-01-17,603200.0
2013-01-18,604200.0
2013-01-21,604200.0
2013-01-22,604200.0
2013-01-23,603200.0
2013-01-24,601700.0
2013-01-25,600200.0
2013-01-28,599200.0
2013-01-29,599200.0
2013-01-30,601200.0
2013-01-31,603200.0
2013-02-01,599200.0
2013-02-04,599200.0
2013-02-05,599200.0
2013-02-06,599200.0
2013-02-07,600200.0
2013-02-08,600200.0
2013-02-11,596200.0
2013-02-12,591200.0
2013-02-13,592200.0
2013-02-14,591200.0
2013-02-15,590200.0
2013-02-18,588200.0
2013-02-19,588200.0
2013-02-20,587200.0
2013-02-21,581200.0
2013-02-22,582200.0
2013-02-25,585200.0
2013-02-26,587200.0
2013-02-27,592200.0
2013-02-28,590200.0
2013-03-01,586200.0
2013-03-04,586200.0
2013-03-05,586200.0
2013-03-06,586200.0
2013-03-07,586200.0
2013-03-08,586200.0
2013-03-11,584200.0
2013-03-12,584700.0
2013-03-13,585200.0
2013-03-14,584000.0
2013-03-15,584000.0
2013-03-18,581000.0
2013-03-19,582000.0
2013-03-20,583000.0
2013-03-21,581000.0
2013-03-22,582000.0
2013-03-25,579000.0
2013-03-26,577000.0
2013-03-27,577000.0
2013-03-28,577000.0
2013-03-29,575500.0
2013-04-01,574000.0
2013-04-02,574000.0
2013-04-03,571000.0
2013-04-04,569000.0
2013-04-05,566000.0
2013-04-08,569000.0
2013-04-09,567000.0
2013-04-10,568000.0
2013-04-11,564000.0
2013-04-12,565000.0
2013-04-15,563000.0
2013-04-16,561000.0
2013-04-17,561000.0
2013-04-18,561000.0
2013-04-19,561000.0
2013-04-22,551000.0
2013-04-23,555000.0
2013-04-24,555000.0
2013-04-25,557000.0
2013-04-26,557000.0
2013-04-29,553000.0
2013-04-30,553000.0
2013-05-01,552000.0
2013-05-02,550000.0
2013-05-03,551000.0
2013-05-06,552000.0
2013-05-07,551000.0
2013-05-08,549000.0
2013-05-09,549000.0
2013-05-10,549000.0
2013-05-13,545000.0
2013-05-14,543000.0
2013-05-15,539000.0
2013-05-16,537000.0
2013-05-17,532000.0
2013-05-20,532000.0
2013-05-21,533000.0
2013-05-22,533000.0
2013-05-23,533000.0
2013-05-24,536000.0
2013-05-27,536000.0
2013-05-28,536000.0
2013-05-29,535000.0
2013-05-30,538000.0
2013-05-31,539000.0
2013-06-03,538000.0
2013-06-04,541000.0
2013-06-05,539000.0
2013-06-06,540500.0
2013-06-07,542000.0
2013-06-10,533000.0
2013-06-11,533000.0
2013-06-12,533000.0
2013-06-13,533000.0
2013-06-14,533000.0
2013-06-17,533000.0
2013-06-18,533000.0
2013-06-19,532000.0
2013-06-20,528000.0
2013-06-21,521000.0
2013-06-24,522000.0
2013-06-25,518000.0
2013-06-26,518000.0
2013-06-27,513000.0
2013-06-28,513000.0
2013-07-01,513000.0
2013-07-02,514000.0
2013-07-03,514000.0
2013-07-04,515000.0
2013-07-05,514000.0
2013-07-08,512000.0
2013-07-09,512000.0
2013-07-10,513000.0
2013-07-11,516000.0
2013-07-12,516000.0
2013-07-15,516000.0
2013-07-16,516000.0
2013-07-17,516000.0
2013-07-18,514000.0
2013-07-19,515000.0
2013-07-22,521000.0
2013-07-23,525000.0
2013-07-24,526000.0
2013-07-25,522000.0
2013-07-26,525000.0
2013-07-29,523000.0
2013-07-30,523000.0
2013-07-31,523000.0
2013-08-01,523000.0
2013-08-02,520000.0
2013-08-05,520666.6666666667
2013-08-06,521333.3333333333
2013-08-07,522000.0
2013-08-08,522666.6666666667
2013-08-09,523333.3333333333
2013-08-12,524000.0
2013-08-13,524000.0
2013-08-14,524000.0
2013-08-15,525000.0
2013-08-16,532000.0
2013-08-19,541000.0
2013-08-20,540000.0
2013-08-21,542000.0
2013-08-22,550000.0
2013-08-23,559000.0
2013-08-26,564000.0
2013-08-27,564000.0
2013-08-28,575000.0
2013-08-29,593000.0
2013-08-30,578000.0
2013-09-02,571000.0
2013-09-03,575000.0
2013-09-04,583000.0
2013-09-05,579000.0
2013-09-06,570000.0
2013-09-09,581000.0
2013-09-10,578000.0
2013-09-11,565000.0
2013-09-12,572000.0
2013-09-13,559000.0
2013-09-16,552000.0
2013-09-17,547000.0
2013-09-18,545000.0
2013-09-19,569000.0
2013-09-20,558000.0
2013-09-23,549000.0
2013-09-24,554000.0
2013-09-25,554000.0
2013-09-26,558000.0
2013-09-27,555000.0
2013-09-30,559000.0
2013-10-01,558000.0
2013-10-02,550000.0
2013-10-03,555000.0
2013-10-04,555000.0
2013-10-07,554000.0
2013-10-08,556000.0
2013-10-09,555000.0
2013-10-10,551000.0
2013-10-11,548000.0
2013-10-14,547000.0
2013-10-15,546000.0
2013-10-16,545000.0
2013-10-17,545000.0
2013-10-18,558000.0
2013-10-21,556000.0
2013-10-22,554000.0
2013-10-23,556000.0
2013-10-24,552000.0
2013-10-25,556000.0
2013-10-28,550000.0
2013-10-29,546000.0
2013-10-30,543000.0
2013-10-31,542000.0
2013-11-01,542000.0
2013-11-04,543000.0
2013-11-05,543500.0
2013-11-06,544000.0
2013-11-07,548000.0
2013-11-08,543000.0
2013-11-11,539000.0
2013-11-12,539000.0
2013-11-13,538000.0
2013-11-14,548000.0
2013-11-15,544000.0
2013-11-18,544000.0
2013-11-19,542000.0
2013-11-20,541000.0
2013-11-21,540000.0
2013-11-22,540000.0
2013-11-25,540000.0
2013-11-26,545000.0
2013-11-27,545000.0
2013-11-28,545000.0
2013-11-29,550000.0
2013-12-02,551000.0
2013-12-03,546000.0
2013-12-04,545000.0
2013-12-05,552000.0
2013-12-06,548000.0
2013-12-09,546000.0
2013-12-10,548000.0
2013-12-11,558000.0
2013-12-12,555000.0
2013-12-13,547000.0
2013-12-16,550000.0
2013-12-17,550000.0
2013-12-18,549000.0
2013-12-19,548000.0
2013-12-20,544000.0
2013-12-23,546000.0
2013-12-24,544000.0
2013-12-25,544000.0
2013-12-26,544000.0
2013-12-27,544000.0
2013-12-30,547000.0
2013-12-31,544000.0
2014-01-01,544000.0
2014-01-02,544000.0
2014-01-03,552000.0
2014-01-06,555000.0
2014-01-07,552000.0
2014-01-08,551000.0
2014-01-09,550000.0
2014-01-10,550000.0
2014-01-13,555000.0
2014-01-14,552500.0
2014-01-15,550000.0
2014-01-16,550000.0
2014-01-17,550000.0
2014-01-20,555000.0
2014-01-21,555000.0
2014-01-22,553000.0
2014-01-23,552000.0
2014-01-24,560000.0
2014-01-27,565000.0
2014-01-28,559000.0
2014-01-29,558000.0
2014-01-30,559000.0
2014-01-31,555500.0
2014-02-03,552000.0
2014-02-04,560000.0
2014-02-05,558000.0
2014-02-06,557000.0
2014-02-07,557000.0
2014-02-10,561000.0
2014-02-11,564000.0
2014-02-12,567000.0
2014-02-13,567000.0
2014-02-14,570000.0
2014-02-17,571000.0
2014-02-18,571000.0
2014-02-19,571000.0
2014-02-20,569000.0
2014-02-21,569000.0
2014-02-24,569000.0
2014-02-25,571000.0
2014-02-26,571000.0
2014-02-27,571000.0
2014-02-28,571000.0
2014-03-03,571000.0
2014-03-04,573000.0
2014-03-05,572000.0
2014-03-06,568000.0
2014-03-07,571000.0
2014-03-10,565000.0
2014-03-11,567000.0
2014-03-12,567000.0
2014-03-13,572000.0
2014-03-14,572000.0
2014-03-17,576000.0
2014-03-18,570000.0
2014-03-19,566000.0
2014-03-20,560000.0
2014-03-21,560000.0
2014-03-24,562000.0
2014-03-25,556000.0
2014-03-26,556000.0
2014-03-27,556000.0
2014-03-28,554000.0
2014-03-31,553000.0
2014-04-01,552000.0
2014-04-02,551000.0
2014-04-03,550000.0
2014-04-04,550000.0
2014-04-07,552000.0
2014-04-08,552000.0
2014-04-09,552500.0
2014-04-10,553000.0
2014-04-11,555000.0
2014-04-14,558000.0
2014-04-15,558000.0
2014-04-16,554000.0
2014-04-17,554000.0
2014-04-18,553500.0
2014-04-21,553000.0
2014-04-22,552000.0
2014-04-23,553000.0
2014-04-24,554000.0
2014-04-25,554000.0
2014-04-28,555000.0
2014-04-29,553000.0
2014-04-30,553000.0
2014-05-01,552000.0
2014-05-02,551000.0
2014-05-05,557000.0
2014-05-06,557000.0
2014-05-07,557000.0
2014-05-08,549000.0
2014-05-09,550000.0
2014-05-12,549000.0
2014-05-13,550000.0
2014-05-14,549000.0
2014-05-15,549000.0
2014-05-16,549000.0
2014-05-19,549000.0
2014-05-20,546000.0
2014-05-21,550000.0
2014-05-22,551000.0
2014-05-23,552000.0
2014-05-26,552000.0
2014-05-27,549500.0
2014-05-28,547000.0
2014-05-29,547000.0
2014-05-30,547000.0
2014-06-02,546000.0
2014-06-03,547000.0
2014-06-04,548000.0
2014-06-05,548000.0
2014-06-06,550000.0
2014-06-09,550000.0
2014-06-10,549000.0
2014-06-11,550000.0
2014-06-12,550000.0
2014-06-13,553000.0
2014-06-16,553000.0
2014-06-17,553000.0
2014-06-18,553000.0
2014-06-19,559000.0
2014-06-20,569000.0
2014-06-23,569000.0
2014-06-24,569000.0
2014-06-25,570000.0
2014-06-26,571000.0
2014-06-27,572000.0
2014-06-30,570000.0
2014-07-01,571000.0
2014-07-02,565000.0
2014-07-03,566000.0
2014-07-04,568000.0
2014-07-07,564000.0
2014-07-08,562000.0
2014-07-09,561500.0
2014-07-10,561000.0
2014-07-11,558000.0
2014-07-14,559000.0
2014-07-15,553000.0
2014-07-16,551000.0
2014-07-17,551000.0
2014-07-18,556000.0
2014-07-21,554000.0
2014-07-22,552000.0
2014-07-23,549000.0
2014-07-24,549000.0
2014-07-25,548000.0
2014-07-28,548833.3333333334
2014-07-29,549666.6666666666
2014-07-30,550500.0
2014-07-31,551333.3333333334
2014-08-01,552166.6666666666
2014-08-04,553000.0
2014-08-05,551000.0
2014-08-06,551000.0
2014-08-07,557000.0
2014-08-08,558000.0
2014-08-11,557000.0
2014-08-12,557000.0
2014-08-13,555000.0
2014-08-14,556000.0
2014-08-15,556000.0
2014-08-18,550000.0
2014-08-19,551000.0
2014-08-20,551000.0
2014-08-21,551000.0
2014-08-22,551000.0
2014-08-25,551000.0
2014-08-26,551000.0
2014-08-27,551000.0
2014-08-28,551000.0
2014-08-29,552000.0
2014-09-01,551000.0
2014-09-02,551000.0
2014-09-03,549000.0
2014-09-04,550000.0
2014-09-05,549000.0
2014-09-08,549000.0
2014-09-09,548000.0
2014-09-10,548000.0
2014-09-11,548000.0
2014-09-12,548000.0
2014-09-15,547000.0
2014-09-16,547000.0
2014-09-17,547000.0
2014-09-18,546000.0
2014-09-19,546000.0
2014-09-22,544000.0
2014-09-23,544000.0
2014-09-24,544000.0
2014-09-25,544000.0
2014-09-26,543000.0
2014-09-29,543000.0
2014-09-30,545000.0
2014-10-01,545000.0
2014-10-02,545000.0
2014-10-03,545000.0
2014-10-06,543000.0
2014-10-07,544000.0
2014-10-08,544000.0
2014-10-09,545000.0
2014-10-10,545000.0
2014-10-13,546000.0
2014-10-14,546000.0
2014-10-15,545000.0
2014-10-16,549000.0
2014-10-17,549000.0
2014-10-20,546000.0
2014-10-21,546000.0
2014-10-22,545000.0
2014-10-23,544000.0
2014-10-24,543000.0
2014-10-27,543000.0
2014-10-28,543000.0
2014-10-29,546000.0
2014-10-30,544000.0
2014-10-31,543000.0
2014-11-03,542000.0
2014-11-04,542000.0
2014-11-05,542000.0
2014-11-06,542000.0
2014-11-07,542000.0
2014-11-10,542000.0
2014-11-11,541000.0
2014-11-12,541000.0
2014-11-13,540000.0
2014-11-14,539000.0
2014-11-17,540000.0
2014-11-18,540000.0
2014-11-19,540000.0
2014-11-20,539000.0
2014-11-21,539000.0
2014-11-24,542000.0
2014-11-25,540000.0
2014-11-26,540000.0
2014-11-27,539000.0
2014-11-28,538000.0
2014-12-01,536000.0
2014-12-02,543000.0
2014-12-03,542000.0
2014-12-04,544000.0
2014-12-05,544000.0
2014-12-08,541000.0
2014-12-09,540000.0
2014-12-10,551000.0
2014-12-11,551000.0
2014-12-12,551000.0
2014-12-15,552000.0
2014-12-16,549000.0
2014-12-17,551000.0
2014-12-18,550000.0
2014-12-19,547000.0
2014-12-22,545000.0
2014-12-23,541000.0
2014-12-24,541000.0
2014-12-25,541666.6666666666
2014-12-26,542333.3333333334
2014-12-29,543000.0
2014-12-30,540000.0
2014-12-31,549000.0
2015-01-01,547000.0
2015-01-02,545000.0
2015-01-05,545000.0
2015-01-06,550000.0
2015-01-07,557000.0
2015-01-08,558000.0
2015-01-09,557000.0
2015-01-12,563000.0
2015-01-13,561000.0
2015-01-14,563000.0
2015-01-15,561000.0
2015-01-16,573000.0
2015-01-19,580000.0
2015-01-20,580000.0
2015-01-21,584000.0
2015-01-22,582000.0
2015-01-23,581000.0
2015-01-26,579000.0
2015-01-27,575000.0
2015-01-28,580000.0
2015-01-29,578000.0
2015-01-30,570000.0
2015-02-02,581000.0
2015-02-03,578000.0
2015-02-04,574000.0
2015-02-05,577000.0
2015-02-06,576000.0
2015-02-09,565000.0
2015-02-10,566000.0
2015-02-11,563000.0
2015-02-12,563000.0
2015-02-13,566000.0
2015-02-16,567000.0
2015-02-17,567000.0
2015-02-18,564000.0
2015-02-19,564000.0
2015-02-20,564000.0
2015-02-23,564000.0
2015-02-24,563000.0
2015-02-25,564000.0
2015-02-26,565000.0
2015-02-27,566000.0
2015-03-02,567000.0
2015-03-03,569000.0
2015-03-04,568000.0
2015-03-05,568000.0
2015-03-06,568000.0
2015-03-09,564000.0
2015-03-10,564000.0
2015-03-11,563000.0
2015-03-12,563000.0
2015-03-13,563000.0
2015-03-16,562000.0
2015-03-17,562000.0
2015-03-18,561000.0
2015-03-19,562000.0
2015-03-20,562000.0
2015-03-23,563000.0
2015-03-24,564000.0
2015-03-25,563000.0
2015-03-26,563000.0
2015-03-27,569000.0
2015-03-30,568000.0
2015-03-31,566000.0
2015-04-01,565000.0
2015-04-02,570000.0
2015-04-03,572000.0
2015-04-06,574000.0
2015-04-07,572000.0
2015-04-08,571000.0
2015-04-09,570000.0
2015-04-10,568000.0
2015-04-13,570000.0
2015-04-14,568000.0
2015-04-15,567000.0
2015-04-16,570000.0
2015-04-17,570000.0
2015-04-20,567000.0
2015-04-21,566000.0
2015-04-22,568000.0
2015-04-23,565000.0
2015-04-24,567000.0
2015-04-27,565000.0
2015-04-28,569000.0
2015-04-29,574000.0
2015-04-30,571000.0
2015-05-01,568000.0
2015-05-04,565000.0
2015-05-05,567000.0
2015-05-06,568000.0
2015-05-07,569000.0
2015-05-08,567000.0
2015-05-11,571000.0
2015-05-12,567000.0
2015-05-13,567000.0
2015-05-14,581000.0
2015-05-15,579000.0
2015-05-18,578000.0
2015-05-19,579000.0
2015-05-20,577000.0
2015-05-21,577000.0
2015-05-22,575000.0
2015-05-25,573000.0
2015-05-26,575000.0
2015-05-27,570000.0
2015-05-28,572000.0
2015-05-29,571000.0
2015-06-01,573000.0
2015-06-02,573500.0
2015-06-03,574000.0
2015-06-04,571000.0
2015-06-05,570000.0
2015-06-08,569000.0
2015-06-09,571000.0
2015-06-10,573000.0
2015-06-11,575000.0
2015-06-12,573000.0
2015-06-15,574000.0
2015-06-16,575000.0
2015-06-17,574000.0
2015-06-18,576000.0
2015-06-19,580000.0
2015-06-22,579000.0
2015-06-23,575000.0
2015-06-24,572000.0
2015-06-25,571000.0
2015-06-26,572000.0
2015-06-29,575000.0
2015-06-30,574000.0
2015-07-01,572000.0
2015-07-02,570000.0
2015-07-03,569000.0
2015-07-06,570000.0
2015-07-07,570000.0
2015-07-08,570000.0
2015-07-09,570000.0
2015-07-10,571000.0
2015-07-13,571000.0
2015-07-14,570000.0
2015-07-15,570000.0
2015-07-16,569400.0
2015-07-17,568800.0
2015-07-20,568200.0
2015-07-21,567600.0
2015-07-22,567000.0
2015-07-23,567000.0
2015-07-24,567000.0
2015-07-27,567000.0
2015-07-28,567000.0
2015-07-29,567000.0
2015-07-30,567000.0
2015-07-31,567000.0
2015-08-03,567000.0
2015-08-04,567000.0
2015-08-05,567000.0
2015-08-06,567000.0
2015-08-07,566000.0
2015-08-10,566000.0
2015-08-11,566000.0
2015-08-12,567000.0
2015-08-13,568000.0
2015-08-14,567000.0
2015-08-17,567000.0
2015-08-18,567000.0
2015-08-19,568000.0
2015-08-20,572000.0
2015-08-21,580000.0
2015-08-24,583000.0
2015-08-25,584000.0
2015-08-26,583000.0
2015-08-27,578000.0
2015-08-28,578000.0
2015-08-31,577000.0
2015-09-01,578000.0
2015-09-02,580000.0
2015-09-03,580000.0
2015-09-04,578000.0
2015-09-07,577000.0
2015-09-08,579000.0
2015-09-09,581000.0
2015-09-10,576000.0
2015-09-11,580000.0
2015-09-14,577000.0
2015-09-15,579000.0
2015-09-16,579000.0
2015-09-17,585000.0
2015-09-18,590000.0
2015-09-21,593000.0
2015-09-22,591000.0
2015-09-23,589000.0
2015-09-24,597500.0
2015-09-25,606000.0
2015-09-28,606000.0
2015-09-29,601000.0
2015-09-30,600000.0
2015-10-01,596000.0
2015-10-02,594000.0
2015-10-05,601000.0
2015-10-06,597000.0
2015-10-07,597000.0
2015-10-08,592000.0
2015-10-09,587000.0
2015-10-12,576000.0
2015-10-13,577000.0
2015-10-14,582500.0
2015-10-15,588000.0
2015-10-16,583000.0
2015-10-19,586000.0
2015-10-20,583000.0
2015-10-21,585000.0
2015-10-22,583000.0
2015-10-23,580000.0
2015-10-26,578000.0
2015-10-27,579000.0
2015-10-28,579000.0
2015-10-29,578000.0
2015-10-30,572000.0
2015-11-02,572000.0
2015-11-03,571000.0
2015-11-04,570000.0
2015-11-05,570000.0
2015-11-06,570000.0
2015-11-09,570000.0
2015-11-10,570000.0
2015-11-11,570000.0
2015-11-12,570000.0
2015-11-13,569000.0
2015-11-16,569000.0
2015-11-17,569000.0
2015-11-18,569000.0
2015-11-19,569000.0
2015-11-20,569000.0
2015-11-23,569000.0
2015-11-24,568000.0
2015-11-25,568000.0
2015-11-26,567000.0
2015-11-27,568000.0
2015-11-30,566000.0
2015-12-01,567000.0
2015-12-02,567000.0
2015-12-03,566000.0
2015-12-04,567000.0
2015-12-07,568000.0
2015-12-08,567000.0
2015-12-09,567000.0
2015-12-10,567000.0
2015-12-11,568000.0
2015-12-14,568000.0
2015-12-15,567000.0
2015-12-16,567000.0
2015-12-17,567000.0
2015-12-18,566000.0
2015-12-21,567000.0
2015-12-22,567000.0
2015-12-23,565000.0
2015-12-24,565000.0
2015-12-25,565000.0
2015-12-28,565000.0
2015-12-29,565000.0
2015-12-30,565000.0
2015-12-31,565000.0
2016-01-01,565000.0
2016-01-04,565000.0
2016-01-05,566000.0
2016-01-06,566000.0
2016-01-07,567000.0
2016-01-08,569000.0
2016-01-11,568000.0
2016-01-12,567000.0
2016-01-13,565000.0
2016-01-14,566000.0
2016-01-15,563000.0
2016-01-18,565000.0
2016-01-19,565000.0
2016-01-20,565000.0
2016-01-21,567000.0
2016-01-22,567000.0
2016-01-25,564000.0
2016-01-26,567000.0
2016-01-27,572000.0
2016-01-28,573000.0
2016-01-29,570000.0
2016-02-01,568000.0
2016-02-02,567000.0
2016-02-03,566000.0
2016-02-04,570000.0
2016-02-05,572000.0
2016-02-08,578000.0
2016-02-09,584000.0
2016-02-10,582000.0
2016-02-11,581000.0
2016-02-12,593000.0
2016-02-15,594000.0
2016-02-16,586000.0
2016-02-17,580000.0
2016-02-18,583000.0
2016-02-19,593000.0
2016-02-22,594000.0
2016-02-23,583000.0
2016-02-24,587000.0
2016-02-25,587000.0
2016-02-26,591000.0
2016-02-29,584000.0
2016-03-01,593000.0
2016-03-02,588000.0
2016-03-03,590000.0
2016-03-04,594000.0
2016-03-07,593000.0
2016-03-08,590000.0
2016-03-09,591000.0
2016-03-10,588000.0
2016-03-11,595000.0
2016-03-14,585000.0
2016-03-15,580000.0
2016-03-16,579000.0
2016-03-17,593000.0
2016-03-18,591000.0
2016-03-21,587000.0
2016-03-22,585000.0
2016-03-23,587000.0
2016-03-24,578000.0
2016-03-25,579000.0
2016-03-28,580000.0
2016-03-29,583000.0
2016-03-30,592000.0
2016-03-31,583000.0
2016-04-01,584000.0
2016-04-04,582000.0
2016-04-05,579000.0
2016-04-06,586000.0
2016-04-07,584000.0
2016-04-08,589000.0
2016-04-11,589000.0
2016-04-12,594000.0
2016-04-13,592000.0
2016-04-14,588000.0
2016-04-15,585000.0
2016-04-18,586000.0
2016-04-19,586000.0
2016-04-20,592000.0
2016-04-21,587000.0
2016-04-22,590000.0
2016-04-25,585000.0
2016-04-26,586000.0
2016-04-27,589000.0
2016-04-28,591000.0
2016-04-29,598000.0
2016-05-02,608000.0
2016-05-03,606000.0
2016-05-04,605000.0
2016-05-05,605666.6666666666
2016-05-06,606333.3333333334
2016-05-09,607000.0
2016-05-10,603000.0
2016-05-11,602000.0
2016-05-12,606000.0
2016-05-13,602000.0
2016-05-16,606000.0
2016-05-17,606000.0
2016-05-18,607000.0
2016-05-19,604000.0
2016-05-20,608000.0
2016-05-23,606000.0
2016-05-24,606000.0
2016-05-25,601000.0
2016-05-26,600000.0
2016-05-27,599000.0
2016-05-30,595000.0
2016-05-31,597000.0
2016-06-01,598000.0
2016-06-02,598000.0
2016-06-03,597000.0
2016-06-06,606000.0
2016-06-07,603000.0
2016-06-08,598000.0
2016-06-09,602000.0
2016-06-10,602000.0
2016-06-13,609000.0
2016-06-14,612000.0
2016-06-15,614000.0
2016-06-16,616000.0
2016-06-17,610000.0
2016-06-20,614000.0
2016-06-21,610000.0
2016-06-22,603000.0
2016-06-23,602000.0
2016-06-24,601000.0
2016-06-27,630000.0
2016-06-28,628000.0
2016-06-29,620000.0
2016-06-30,616000.0
2016-07-01,619000.0
2016-07-04,622166.6666666666
2016-07-05,625333.3333333334
2016-07-06,628500.0
2016-07-07,631666.6666666666
2016-07-08,634833.3333333334
2016-07-11,638000.0
2016-07-12,632000.0
2016-07-13,622000.0
2016-07-14,627000.0
2016-07-15,621000.0
2016-07-18,622000.0
2016-07-19,621000.0
2016-07-20,622000.0
2016-07-21,617000.0
2016-07-22,625000.0
2016-07-25,620000.0
2016-07-26,620000.0
2016-07-27,621000.0
2016-07-28,625000.0
2016-07-29,625000.0
2016-08-01,629000.0
2016-08-02,631000.0
2016-08-03,635000.0
2016-08-04,634000.0
2016-08-05,636000.0
2016-08-08,626000.0
2016-08-09,627000.0
2016-08-10,629000.0
2016-08-11,631000.0
2016-08-12,628000.0
2016-08-15,627000.0
2016-08-16,629000.0
2016-08-17,630500.0
2016-08-18,632000.0
2016-08-19,632000.0
2016-08-22,629000.0
2016-08-23,628000.0
2016-08-24,629000.0
2016-08-25,627000.0
2016-08-26,626000.0
2016-08-29,626000.0
2016-08-30,627000.0
2016-08-31,622000.0
2016-09-01,622000.0
2016-09-02,623000.0
2016-09-05,627000.0
2016-09-06,626000.0
2016-09-07,630000.0
2016-09-08,629000.0
2016-09-09,627000.0
2016-09-12,625500.0
2016-09-13,624000.0
2016-09-14,623000.0
2016-09-15,625000.0
2016-09-16,624000.0
2016-09-19,621000.0
2016-09-20,622000.0
2016-09-21,623000.0
2016-09-22,628000.0
2016-09-23,627000.0
2016-09-26,627000.0
2016-09-27,626000.0
2016-09-28,622000.0
2016-09-29,621000.0
2016-09-30,621000.0
2016-10-03,621000.0
2016-10-04,620000.0
2016-10-05,619000.0
2016-10-06,619000.0
2016-10-07,619000.0
2016-10-10,619000.0
2016-10-11,619000.0
2016-10-12,619000.0
2016-10-13,620000.0
2016-10-14,621000.0
2016-10-17,620000.0
2016-10-18,621000.0
2016-10-19,622000.0
2016-10-20,622000.0
2016-10-21,620000.0
2016-10-24,621000.0
2016-10-25,621000.0
2016-10-26,622000.0
2016-10-27,619000.0
2016-10-28,620000.0
2016-10-31,621000.0
2016-11-01,622000.0
2016-11-02,625000.0
2016-11-03,626000.0
2016-11-04,627000.0
2016-11-07,625000.0
2016-11-08,623000.0
2016-11-09,620000.0
2016-11-10,625000.0
2016-11-11,617000.0
2016-11-14,615000.0
2016-11-15,613000.0
2016-11-16,614000.0
2016-11-17,614000.0
2016-11-18,611000.0
2016-11-21,610000.0
2016-11-22,612000.0
2016-11-23,611000.0
2016-11-24,609000.0
2016-11-25,610000.0
2016-11-28,610000.0
2016-11-29,611000.0
2016-11-30,612000.0
2016-12-01,608000.0
2016-12-02,609000.0
2016-12-05,609000.0
2016-12-06,607000.0
2016-12-07,606000.0
2016-12-08,606000.0
2016-12-09,605000.0
2016-12-12,604500.0
2016-12-13,604000.0
2016-12-14,604000.0
2016-12-15,603000.0
2016-12-16,602000.0
2016-12-19,606000.0
2016-12-20,605000.0
2016-12-21,603000.0
2016-12-22,604000.0
2016-12-23,603000.0
2016-12-26,604000.0
2016-12-27,605000.0
2016-12-28,606000.0
2016-12-29,607000.0
2016-12-30,608000.0
2017-01-02,607000.0
2017-01-03,606000.0
2017-01-04,606000.0
2017-01-05,607000.0
2017-01-06,606000.0
2017-01-09,602000.0
2017-01-10,605000.0
2017-01-11,605000.0
2017-01-12,607000.0
2017-01-13,607000.0
2017-01-16,609000.0
2017-01-17,610000.0
2017-01-18,613000.0
2017-01-19,610000.0
2017-01-20,611000.0
2017-01-23,613000.0
2017-01-24,613000.0
2017-01-25,610000.0
2017-01-26,607000.0
2017-01-27,602000.0
2017-01-30,603000.0
2017-01-31,603000.0
2017-02-01,607000.0
2017-02-02,607000.0
2017-02-03,609000.0
2017-02-06,610000.0
2017-02-07,612000.0
2017-02-08,612000.0
2017-02-09,614000.0
2017-02-10,608000.0
2017-02-13,609000.0
2017-02-14,608000.0
2017-02-15,609000.0
2017-02-16,610000.0
2017-02-17,612000.0
2017-02-20,611000.0
2017-02-21,610000.0
2017-02-22,611000.0
2017-02-23,611000.0
2017-02-24,616000.0
2017-02-27,617000.0
2017-02-28,616000.0
2017-03-01,613000.0
2017-03-02,612000.0
2017-03-03,609000.0
2017-03-06,609000.0
2017-03-07,606000.0
2017-03-08,603000.0
2017-03-09,601000.0
2017-03-10,599000.0
2017-03-13,600000.0
2017-03-14,598000.0
2017-03-15,597000.0
2017-03-16,601000.0
2017-03-17,602000.0
2017-03-20,604000.0
2017-03-21,605000.0
2017-03-22,607000.0
2017-03-23,609000.0
2017-03-24,609000.0
2017-03-27,612000.0
2017-03-28,611000.0
2017-03-29,610000.0
2017-03-30,611000.0
2017-03-31,608000.0
2017-04-03,609000.0
2017-04-04,611000.0
2017-04-05,611000.0
2017-04-06,612000.0
2017-04-07,609000.0
2017-04-10,610000.0
2017-04-11,611000.0
2017-04-12,614000.0
2017-04-13,618000.0
2017-04-14,619000.0
2017-04-17,620000.0
2017-04-18,615000.0
2017-04-19,619000.0
2017-04-20,615000.0
2017-04-21,617000.0
2017-04-24,616000.0
2017-04-25,615000.0
2017-04-26,609000.0
2017-04-27,610000.0
2017-04-28,609000.0
2017-05-01,608000.0
2017-05-02,607000.0
2017-05-03,607000.0
2017-05-04,600000.0
2017-05-05,598000.0
2017-05-08,601000.0
2017-05-09,600000.0
2017-05-10,599000.0
2017-05-11,596000.0
2017-05-12,601000.0
2017-05-15,599000.0
2017-05-16,600000.0
2017-05-17,604000.0
2017-05-18,609000.0
2017-05-19,605000.0
2017-05-22,608000.0
2017-05-23,609000.0
2017-05-24,606000.0
2017-05-25,606000.0
2017-05-26,607000.0
2017-05-29,610000.0
2017-05-30,610000.0
2017-05-31,609000.0
2017-06-01,609500.0
2017-06-02,610000.0
2017-06-05,615000.0
2017-06-06,615000.0
2017-06-07,619000.0
2017-06-08,616000.0
2017-06-09,614000.0
2017-06-12,612000.0
2017-06-13,610000.0
2017-06-14,612000.0
2017-06-15,610000.0
2017-06-16,608000.0
2017-06-19,609000.0
2017-06-20,605000.0
2017-06-21,606000.0
2017-06-22,607000.0
2017-06-23,606714.2857142857
2017-06-26,606428.5714285715
2017-06-27,606142.8571428572
2017-06-28,605857.1428571428
2017-06-29,605571.4285714285
2017-06-30,605285.7142857143
2017-07-03,605000.0
2017-07-04,601000.0
2017-07-05,604000.0
2017-07-06,603000.0
2017-07-07,602000.0
2017-07-10,599000.0
2017-07-11,600000.0
2017-07-12,602000.0
2017-07-13,602000.0
2017-07-14,602000.0
2017-07-17,607000.0
2017-07-18,607000.0
2017-07-19,610000.0
2017-07-20,610000.0
2017-07-21,610000.0
2017-07-24,614000.0
2017-07-25,613000.0
2017-07-26,610000.0
2017-07-27,615000.0
2017-07-28,615000.0
2017-07-31,618000.0
2017-08-01,617000.0
2017-08-02,617000.0
2017-08-03,615000.0
2017-08-04,617000.0
2017-08-07,613000.0
2017-08-08,613000.0
2017-08-09,615000.0
2017-08-10,618000.0
2017-08-11,621000.0
2017-08-14,621000.0
2017-08-15,619000.0
2017-08-16,618000.0
2017-08-17,621000.0
2017-08-18,624000.0
2017-08-21,622000.0
2017-08-22,624000.0
2017-08-23,621000.0
2017-08-24,624000.0
2017-08-25,623000.0
2017-08-28,625000.0
2017-08-29,634000.0
2017-08-30,631000.0
2017-08-31,631000.0
2017-09-01,634500.0
2017-09-04,638000.0
2017-09-05,637000.0
2017-09-06,639000.0
2017-09-07,636000.0
2017-09-08,642000.0
2017-09-11,637000.0
2017-09-12,631000.0
2017-09-13,632000.0
2017-09-14,629000.0
2017-09-15,634000.0
2017-09-18,629000.0
2017-09-19,627000.0
2017-09-20,629000.0
2017-09-21,627000.0
2017-09-22,624000.0
2017-09-25,626000.0
2017-09-26,630000.0
2017-09-27,627000.0
2017-09-28,625000.0
2017-09-29,628000.0
2017-10-02,621000.0
2017-10-03,619000.0
2017-10-04,622000.0
2017-10-05,622000.0
2017-10-06,622000.0
2017-10-09,628000.0
2017-10-10,633000.0
2017-10-11,636000.0
2017-10-12,638000.0
2017-10-13,640000.0
2017-10-16,644000.0
2017-10-17,640000.0
2017-10-18,638000.0
2017-10-19,637000.0
2017-10-20,642000.0
2017-10-23,638000.0
2017-10-24,643000.0
2017-10-25,639000.0
2017-10-26,642000.0
2017-10-27,636000.0
2017-10-30,641000.0
2017-10-31,640000.0
2017-11-01,637000.0
2017-11-02,640000.0
2017-11-03,640000.0
2017-11-06,638000.0
2017-11-07,639000.0
2017-11-08,637000.0
2017-11-09,639000.0
2017-11-10,640000.0
2017-11-13,636000.0
2017-11-14,637000.0
2017-11-15,638000.0
2017-11-16,638000.0
2017-11-17,638000.0
2017-11-20,643000.0
2017-11-21,637000.0
2017-11-22,639000.0
2017-11-23,641000.0
2017-11-24,640000.0
2017-11-27,639000.0
2017-11-28,641000.0
2017-11-29,640000.0
2017-11-30,637000.0
2017-12-01,635000.0
2017-12-04,633000.0
2017-12-05,635000.0
2017-12-06,631000.0
2017-12-07,631000.0
2017-12-08,628000.0
2017-12-11,628000.0
2017-12-12,627000.0
2017-12-13,628000.0
2017-12-14,633000.0
2017-12-15,632000.0
2017-12-18,632000.0
2017-12-19,635000.0
2017-12-20,635000.0
2017-12-21,637000.0
2017-12-22,636000.0
2017-12-25,638000.0
2017-12-26,640000.0
2017-12-27,642000.0
2017-12-28,643000.0
2017-12-29,645000.0
2018-01-01,647000.0
2018-01-02,649000.0
2018-01-03,652000.0
2018-01-04,647000.0
2018-01-05,650000.0
2018-01-08,648000.0
2018-01-09,647000.0
2018-01-10,645000.0
2018-01-11,648000.0
2018-01-12,650000.0
2018-01-15,650000.0
2018-01-16,649000.0
2018-01-17,647000.0
2018-01-18,643000.0
2018-01-19,643000.0
2018-01-22,643000.0
2018-01-23,642000.0
2018-01-24,645000.0
2018-01-25,651000.0
2018-01-26,648000.0
2018-01-29,651000.0
2018-01-30,648000.0
2018-01-31,650000.0
2018-02-01,653000.0
2018-02-02,653000.0
2018-02-05,648000.0
2018-02-06,653000.0
2018-02-07,651000.0
2018-02-08,649000.0
2018-02-09,652000.0
2018-02-12,651000.0
2018-02-13,653000.0
2018-02-14,658000.0
2018-02-15,663000.0
2018-02-16,660500.0
2018-02-19,658000.0
2018-02-20,656000.0
2018-02-21,652000.0
2018-02-22,652000.0
2018-02-23,656000.0
2018-02-26,655000.0
2018-02-27,657000.0
2018-02-28,653000.0
2018-03-01,655000.0
2018-03-02,658000.0
2018-03-05,658000.0
2018-03-06,657000.0
2018-03-07,665000.0
2018-03-08,659000.0
2018-03-09,658000.0
2018-03-12,661000.0
2018-03-13,660000.0
2018-03-14,659000.0
2018-03-15,659000.0
2018-03-16,656000.0
2018-03-19,656000.0
2018-03-20,658000.0
2018-03-21,657000.0
2018-03-22,665000.0
2018-03-23,664000.0
2018-03-26,672000.0
2018-03-27,673000.0
2018-03-28,666000.0
2018-03-29,662000.0
2018-03-30,662500.0
2018-04-02,663000.0
2018-04-03,669000.0
2018-04-04,666000.0
2018-04-05,666000.0
2018-04-06,666000.0
2018-04-09,665000.0
2018-04-10,669000.0
2018-04-11,670000.0
2018-04-12,674000.0
2018-04-13,669000.0
2018-04-16,671000.0
2018-04-17,673000.0
2018-04-18,673000.0
2018-04-19,674000.0
2018-04-20,671000.0
2018-04-23,668000.0
2018-04-24,668000.0
2018-04-25,671000.0
2018-04-26,668000.0
2018-04-27,668000.0
2018-04-30,668000.0
2018-05-01,666000.0
2018-05-02,664000.0
2018-05-03,666000.0
2018-05-04,670000.0
2018-05-07,670000.0
2018-05-08,671000.0
2018-05-09,673000.0
2018-05-10,674000.0
2018-05-11,675000.0
2018-05-14,670000.0
2018-05-15,669000.0
2018-05-16,665000.0
2018-05-17,667000.0
2018-05-18,666000.0
2018-05-21,667000.0
2018-05-22,670000.0
2018-05-23,670000.0
2018-05-24,672000.0
2018-05-25,675000.0
2018-05-28,671000.0
2018-05-29,670000.0
2018-05-30,669000.0
2018-05-31,668000.0
2018-06-01,665500.0
2018-06-04,663000.0
2018-06-05,662000.0
2018-06-06,665000.0
2018-06-07,665000.0
2018-06-08,665000.0
2018-06-11,663888.8888888889
2018-06-12,662777.7777777778
2018-06-13,661666.6666666666
2018-06-14,660555.5555555555
2018-06-15,659444.4444444445
2018-06-18,658333.3333333334
2018-06-19,657222.2222222222
2018-06-20,656111.1111111111
2018-06-21,655000.0
2018-06-22,660000.0
2018-06-25,662000.0
2018-06-26,660000.0
2018-06-27,658500.0
2018-06-28,657000.0
2018-06-29,659000.0
2018-07-02,664000.0
2018-07-03,659000.0
2018-07-04,665000.0
2018-07-05,664000.0
2018-07-06,666000.0
2018-07-09,666000.0
2018-07-10,664000.0
2018-07-11,663000.0
2018-07-12,661000.0
2018-07-13,663000.0
2018-07-16,660000.0
2018-07-17,660000.0
2018-07-18,656000.0
2018-07-19,656000.0
2018-07-20,655000.0
2018-07-23,660000.0
2018-07-24,656000.0
2018-07-25,656000.0
2018-07-26,662000.0
2018-07-27,659000.0
2018-07-30,659000.0
2018-07-31,654000.0
2018-08-01,656000.0
2018-08-02,654000.0
2018-08-03,651000.0
2018-08-06,654000.0
2018-08-07,652000.0
2018-08-08,653000.0
2018-08-09,651000.0
2018-08-10,650000.0
2018-08-13,650000.0
2018-08-14,649000.0
2018-08-15,649000.0
2018-08-16,645000.0
2018-08-17,646500.0
2018-08-20,648000.0
2018-08-21,649000.0
2018-08-22,649500.0
2018-08-23,650000.0
2018-08-24,648000.0
2018-08-27,654000.0
2018-08-28,655000.0
2018-08-29,652000.0
2018-08-30,655000.0
2018-08-31,652000.0
2018-09-03,654000.0
2018-09-04,656000.0
2018-09-05,655000.0
2018-09-06,661000.0
2018-09-07,662000.0
2018-09-10,659000.0
2018-09-11,659000.0
2018-09-12,662000.0
2018-09-13,667000.0
2018-09-14,663000.0
2018-09-17,661000.0
2018-09-18,664000.0
2018-09-19,666000.0
2018-09-20,668000.0
2018-09-21,668000.0
2018-09-24,663000.0
2018-09-25,666000.0
2018-09-26,667000.0
2018-09-27,666000.0
2018-09-28,660000.0
2018-10-01,663000.0
2018-10-02,662000.0
2018-10-03,670000.0
2018-10-04,670000.0
2018-10-05,671000.0
2018-10-08,675000.0
2018-10-09,668000.0
2018-10-10,669000.0
2018-10-11,669000.0
2018-10-12,680000.0
2018-10-15,677000.0
2018-10-16,681000.0
2018-10-17,679000.0
2018-10-18,676000.0
2018-10-19,678000.0
2018-10-22,680000.0
2018-10-23,677000.0
2018-10-24,682000.0
2018-10-25,682000.0
2018-10-26,681000.0
2018-10-29,682000.0
2018-10-30,681000.0
2018-10-31,678000.0
2018-11-01,675000.0
2018-11-02,681000.0
2018-11-05,678000.0
2018-11-06,673000.0
2018-11-07,670000.0
2018-11-08,665000.0
2018-11-09,662000.0
2018-11-12,659000.0
2018-11-13,660000.0
2018-11-14,663000.0
2018-11-15,663000.0
2018-11-16,664000.0
2018-11-19,662000.0
2018-11-20,662000.0
2018-11-21,662000.0
2018-11-22,665000.0
2018-11-23,665000.0
2018-11-26,662000.0
2018-11-27,661000.0
2018-11-28,657500.0
2018-11-29,661000.0
2018-11-30,659000.0
2018-12-03,655000.0
2018-12-04,656500.0
2018-12-05,660000.0
2018-12-06,662000.0
2018-12-07,665000.0
2018-12-10,669000.0
2018-12-11,666000.0
2018-12-12,668000.0
2018-12-13,668000.0
2018-12-14,665000.0
2018-12-17,664000.0
2018-12-18,668000.0
2018-12-19,667000.0
2018-12-20,662000.0
2018-12-21,669000.0
2018-12-24,669666.6666666666
2018-12-25,670333.3333333334
2018-12-26,671000.0
2018-12-27,674000.0
2018-12-28,674000.0
2018-12-31,676000.0
2019-01-01,675000.0
2019-01-02,674000.0
2019-01-03,676000.0
2019-01-04,681000.0
2019-01-07,673000.0
2019-01-08,669000.0
2019-01-09,666000.0
2019-01-10,671000.0
2019-01-11,669000.0
2019-01-14,669000.0
2019-01-15,669000.0
2019-01-16,670000.0
2019-01-17,672000.0
2019-01-18,672000.0
2019-01-21,670000.0
2019-01-22,669000.0
2019-01-23,671000.0
2019-01-24,669000.0
2019-01-25,667000.0
2019-01-28,675000.0
2019-01-29,672000.0
2019-01-30,676000.0
2019-01-31,680000.0
2019-02-01,679000.0
2019-02-04,675000.0
2019-02-05,675000.0
2019-02-06,675000.0
2019-02-07,672000.0
2019-02-08,674000.0
2019-02-11,675000.0
2019-02-12,673000.0
2019-02-13,676000.0
2019-02-14,673000.0
2019-02-15,677000.0
2019-02-18,680000.0
2019-02-19,683000.0
2019-02-20,689000.0
2019-02-21,686000.0
2019-02-22,682000.0
2019-02-25,683000.0
2019-02-26,680000.0
2019-02-27,679000.0
2019-02-28,674000.0
2019-03-01,673000.0
2019-03-04,665500.0
2019-03-05,665000.0
2019-03-06,665500.0
2019-03-07,665500.0
2019-03-08,664500.0
2019-03-11,672500.0
2019-03-12,674000.0
2019-03-13,679000.0
2019-03-14,680000.0
2019-03-15,675000.0
2019-03-18,678500.0
2019-03-19,675500.0
2019-03-20,676500.0
2019-03-21,680000.0
2019-03-22,672000.0
2019-03-25,675000.0
2019-03-26,681000.0
2019-03-27,676000.0
2019-03-28,674000.0
2019-03-29,669000.0
2019-04-01,669000.0
2019-04-02,669000.0
2019-04-03,669500.0
2019-04-04,670000.0
2019-04-05,669500.0
2019-04-08,669500.0
2019-04-09,671000.0
2019-04-10,672500.0
2019-04-11,673500.0
2019-04-12,669000.0
2019-04-15,669000.0
2019-04-16,666500.0
2019-04-17,665750.0
2019-04-18,665000.0
2019-04-19,665000.0
2019-04-22,665000.0
2019-04-23,665000.0
2019-04-24,665000.0
2019-04-25,667000.0
2019-04-26,670000.0
2019-04-29,673000.0
2019-04-30,670500.0
2019-05-01,673000.0
2019-05-02,670000.0
2019-05-03,669000.0
2019-05-06,673000.0
2019-05-07,674000.0
2019-05-08,674500.0
2019-05-09,671000.0
2019-05-10,673000.0
2019-05-13,673500.0
2019-05-14,678000.0
2019-05-15,678000.0
2019-05-16,678000.0
2019-05-17,674000.0
2019-05-20,672000.0
2019-05-21,672000.0
2019-05-22,671000.0
2019-05-23,671000.0
2019-05-24,675000.0
2019-05-27,674000.0
2019-05-28,671000.0
2019-05-29,670000.0
2019-05-30,672500.0
2019-05-31,675000.0
2019-06-03,677500.0
2019-06-04,680000.0
2019-06-05,682500.0
2019-06-06,685000.0
2019-06-07,687500.0
2019-06-10,690000.0
2019-06-11,682000.0
2019-06-12,682000.0
2019-06-13,684000.0
2019-06-14,690000.0
2019-06-17,688000.0
2019-06-18,691000.0
2019-06-19,693000.0
2019-06-20,703000.0
2019-06-21,711000.0
2019-06-24,711500.0
2019-06-25,722000.0
2019-06-26,718000.0
2019-06-27,716000.0
2019-06-28,720000.0
2019-07-01,708000.0
2019-07-02,703000.0
2019-07-03,723000.0
2019-07-04,720000.0
2019-07-05,718000.0
2019-07-08,709000.0
2019-07-09,708000.0
2019-07-10,708000.0
2019-07-11,720000.0
2019-07-12,710000.0
2019-07-15,715000.0
2019-07-16,711000.0
2019-07-17,706000.0
2019-07-18,714000.0
2019-07-19,723000.0
2019-07-22,713000.0
2019-07-23,714000.0
2019-07-24,712000.0
2019-07-25,717000.0
2019-07-26,711000.0
2019-07-29,714000.0
2019-07-30,716000.0
2019-07-31,720000.0
2019-08-01,711500.0
2019-08-02,726000.0
2019-08-05,733000.0
2019-08-06,748000.0
2019-08-07,755000.0
2019-08-08,762000.0
2019-08-09,761000.0
2019-08-12,758000.0
2019-08-13,764000.0
2019-08-14,763000.0
2019-08-15,768000.0
2019-08-16,775000.0
2019-08-19,766000.0
2019-08-20,758000.0
2019-08-21,765000.0
2019-08-22,764000.0
2019-08-23,760000.0
2019-08-26,783000.0
2019-08-27,775500.0
2019-08-28,781000.0
2019-08-29,780000.0
2019-08-30,775000.0
2019-09-02,777000.0
2019-09-03,774000.0
2019-09-04,784000.0
2019-09-05,784000.0
2019-09-06,774000.0
2019-09-09,767000.0
2019-09-10,763000.0
2019-09-11,760000.0
2019-09-12,761000.0
2019-09-13,762000.0
2019-09-16,762000.0
2019-09-17,762000.0
2019-09-18,766000.0
2019-09-19,761000.0
2019-09-20,765000.0
2019-09-23,771000.0
2019-09-24,774000.0
2019-09-25,778000.0
2019-09-26,771000.0
2019-09-27,771000.0
2019-09-30,770000.0
2019-10-01,760000.0
2019-10-02,764000.0
2019-10-03,771000.0
2019-10-04,773000.0
2019-10-07,770000.0
2019-10-08,765000.0
2019-10-09,771000.0
2019-10-10,775000.0
2019-10-11,767000.0
2019-10-14,763000.0
2019-10-15,765000.0
2019-10-16,761000.0
2019-10-17,767000.0
2019-10-18,767000.0
2019-10-21,765000.0
2019-10-22,761000.0
2019-10-23,760000.0
2019-10-24,761000.0
2019-10-25,763000.0
2019-10-28,766000.0
2019-10-29,761000.0
2019-10-30,760000.0
2019-10-31,764000.0
2019-11-01,773000.0
2019-11-04,772000.0
2019-11-05,767000.0
2019-11-06,759000.0
2019-11-07,759000.0
2019-11-08,754000.0
2019-11-11,751000.0
2019-11-12,750000.0
2019-11-13,752000.0
2019-11-14,755000.0
2019-11-15,757000.0
2019-11-18,757000.0
2019-11-19,758000.0
2019-11-20,760000.0
2019-11-21,760000.0
2019-11-22,757000.0
2019-11-25,756000.0
2019-11-26,752000.0
2019-11-27,754000.0
2019-11-28,753000.0
2019-11-29,753000.0
2019-12-02,755000.0
2019-12-03,756000.0
2019-12-04,762000.0
2019-12-05,761000.0
2019-12-06,760000.0
2019-12-09,753000.0
2019-12-10,752000.0
2019-12-11,753000.0
2019-12-12,759000.0
2019-12-13,755000.0
2019-12-16,758000.0
2019-12-17,760000.0
2019-12-18,761000.0
2019-12-19,760000.0
2019-12-20,760000.0
2019-12-23,761000.0
2019-12-24,763000.0
2019-12-25,765000.0
2019-12-26,767000.0
2019-12-27,771000.0
2019-12-30,771000.0
2019-12-31,771000.0
2020-01-01,771000.0
2020-01-02,771000.0
2020-01-03,775000.0
2020-01-06,792000.0
2020-01-07,793000.0
2020-01-08,808000.0
2020-01-09,791000.0
2020-01-10,786000.0
2020-01-13,787000.0
2020-01-14,776000.0
2020-01-15,776000.0
2020-01-16,781000.0
2020-01-17,777000.0
2020-01-20,778000.0
2020-01-21,780000.0
2020-01-22,778000.0
2020-01-23,781000.0
2020-01-24,777000.0
2020-01-27,783000.0
2020-01-28,783000.0
2020-01-29,780000.0
2020-01-30,783000.0
2020-01-31,783000.0
2020-02-03,788000.0
2020-02-04,787000.0
2020-02-05,780000.0
2020-02-06,779000.0
2020-02-07,781000.0
2020-02-10,784000.0
2020-02-11,785000.0
2020-02-12,783000.0
2020-02-13,783000.0
2020-02-14,786000.0
2020-02-17,788000.0
2020-02-18,788000.0
2020-02-19,792000.0
2020-02-20,797000.0
2020-02-21,802000.0
2020-02-24,818000.0
2020-02-25,818000.0
2020-02-26,817000.0
2020-02-27,822000.0
2020-02-28,825000.0
2020-03-02,819000.0
2020-03-03,824000.0
2020-03-04,836000.0
2020-03-05,831000.0
2020-03-06,846000.0
2020-03-09,860000.0
2020-03-10,851000.0
2020-03-11,848000.0
2020-03-12,840000.0
2020-03-13,821000.0
2020-03-16,828000.0
2020-03-17,810000.0
2020-03-18,835000.0
2020-03-19,823000.0
2020-03-20,833000.0
2020-03-23,870000.0
2020-03-24,928000.0
2020-03-25,930500.0
2020-03-26,933000.0
2020-03-27,933000.0
2020-03-30,935000.0
2020-03-31,933000.0
2020-04-01,920000.0
2020-04-02,927000.0
2020-04-03,953000.0
2020-04-06,940000.0
2020-04-07,972000.0
2020-04-08,955000.0
2020-04-09,947000.0
2020-04-10,954000.0
2020-04-13,961000.0
2020-04-14,957000.0
2020-04-15,952000.0
2020-04-16,948000.0
2020-04-17,951000.0
2020-04-20,926000.0
2020-04-21,933000.0
2020-04-22,937000.0
2020-04-23,943000.0
2020-04-24,953000.0
2020-04-27,948000.0
2020-04-28,944000.0
2020-04-29,937000.0
2020-04-30,937000.0
2020-05-01,930000.0
2020-05-04,923000.0
2020-05-05,922000.0
2020-05-06,922000.0
2020-05-07,924500.0
2020-05-08,927000.0
2020-05-11,920000.0
2020-05-12,912000.0
2020-05-13,917000.0
2020-05-14,919000.0
2020-05-15,926000.0
2020-05-18,934000.0
2020-05-19,924000.0
2020-05-20,926000.0
2020-05-21,921000.0
2020-05-22,916000.0
2020-05-25,916500.0
2020-05-26,917000.0
2020-05-27,909000.0
2020-05-28,908000.0
2020-05-29,913000.0
2020-06-01,916500.0
2020-06-02,920000.0
2020-06-03,904000.0
2020-06-04,887000.0
2020-06-05,888000.0
2020-06-08,876000.0
2020-06-09,875000.0
2020-06-10,881000.0
2020-06-11,893000.0
2020-06-12,886000.0
2020-06-15,902000.0
2020-06-16,898000.0
2020-06-17,895000.0
2020-06-18,900000.0
2020-06-19,895000.0
2020-06-22,907000.0
2020-06-23,908000.0
2020-06-24,916000.0
2020-06-25,907000.0
2020-06-26,910000.0
2020-06-29,911000.0
2020-06-30,918000.0
2020-07-01,919000.0
2020-07-02,915000.0
2020-07-03,928000.0
2020-07-06,931000.0
2020-07-07,934000.0
2020-07-08,934000.0
2020-07-09,940000.0
2020-07-10,937000.0
2020-07-13,938000.0
2020-07-14,938000.0
2020-07-15,942000.0
2020-07-16,949000.0
2020-07-17,944000.0
2020-07-20,956000.0
2020-07-21,963000.0
2020-07-22,982000.0
2020-07-23,977000.0
2020-07-24,984000.0
2020-07-27,997000.0
2020-07-28,1022000.0
2020-07-29,1013000.0
2020-07-30,1016000.0
2020-07-31,1022000.0
2020-08-03,1028000.0
2020-08-04,1029000.0
2020-08-05,1048000.0
2020-08-06,1054000.0
2020-08-07,1065000.0
2020-08-10,1054000.0
2020-08-11,1056000.0
2020-08-12,1026000.0
2020-08-13,1028000.0
2020-08-14,1040000.0
2020-08-17,1030000.0
2020-08-18,1050000.0
2020-08-19,1058000.0
2020-08-20,1030000.0
2020-08-21,1031000.0
2020-08-24,1023000.0
2020-08-25,1021000.0
2020-08-26,1011000.0
2020-08-27,1019000.0
2020-08-28,1012000.0
2020-08-31,1030000.0
2020-09-01,1020000.0
2020-09-02,1024000.0
2020-09-03,1024000.0
2020-09-04,1021000.0
2020-09-07,1020000.0
2020-09-08,1015000.0
2020-09-09,1017000.0
2020-09-10,1027000.0
2020-09-11,1028000.0
2020-09-14,1031000.0
2020-09-15,1037000.0
2020-09-16,1030000.0
2020-09-17,1030000.0
2020-09-18,1030000.0
2020-09-21,1024000.0
2020-09-22,1009000.0
2020-09-23,1007000.0
2020-09-24,1002000.0
2020-09-25,1009000.0
2020-09-28,1006000.0
2020-09-29,1014000.0
2020-09-30,1016000.0
2020-10-01,1013000.0
2020-10-02,1015000.0
2020-10-05,1015000.0
2020-10-06,1017000.0
2020-10-07,999000.0
2020-10-08,1004000.0
2020-10-09,1007000.0
2020-10-12,1017000.0
2020-10-13,1015000.0
2020-10-14,1007000.0
2020-10-15,1009000.0
2020-10-16,1011000.0
2020-10-19,1008000.0
2020-10-20,1008000.0
2020-10-21,1012000.0
2020-10-22,1011000.0
2020-10-23,1007000.0
2020-10-26,1007000.0
2020-10-27,1007000.0
2020-10-28,1007000.0
2020-10-29,995000.0
2020-10-30,992000.0
2020-11-02,994000.0
2020-11-03,1004000.0
2020-11-04,1004000.0
2020-11-05,1000000.0
2020-11-06,1009000.0
2020-11-09,1006000.0
2020-11-10,972000.0
2020-11-11,970000.0
2020-11-12,968000.0
2020-11-13,978000.0
2020-11-16,985000.0
2020-11-17,980000.0
2020-11-18,975000.0
2020-11-19,973000.0
2020-11-20,973000.0
2020-11-23,977000.0
2020-11-24,961000.0
2020-11-25,953000.0
2020-11-26,953000.0
2020-11-27,951000.0
2020-11-30,942000.0
2020-12-01,938000.0
2020-12-02,952000.0
2020-12-03,957000.0
2020-12-04,961000.0
2020-12-07,959000.0
2020-12-08,966000.0
2020-12-09,961000.0
2020-12-10,956000.0
2020-12-11,954000.0
2020-12-14,952000.0
2020-12-15,951000.0
2020-12-16,962000.0
2020-12-17,965000.0
2020-12-18,972000.0
2020-12-21,976000.0
2020-12-22,970000.0
2020-12-23,966000.0
2020-12-24,971000.0
2020-12-25,973000.0
2020-12-28,977000.0
2020-12-29,967000.0
2020-12-30,965000.0
2020-12-31,968333.3333333334
2021-01-01,971666.6666666666
2021-01-04,975000.0
2021-01-05,975000.0
2021-01-06,981000.0
2021-01-07,971000.0
2021-01-08,969000.0
2021-01-11,952000.0
2021-01-12,957000.0
2021-01-13,965000.0
2021-01-14,955000.0
2021-01-15,956000.0
2021-01-18,944000.0
2021-01-19,952000.0
2021-01-20,954000.0
2021-01-21,963000.0
2021-01-22,961000.0
2021-01-25,958000.0
2021-01-26,958000.0
2021-01-27,956000.0
2021-01-28,952000.0
2021-01-29,954000.0
2021-02-01,955000.0
2021-02-02,954000.0
2021-02-03,947000.0
2021-02-04,943000.0
2021-02-05,930000.0
2021-02-08,940000.0
2021-02-09,943000.0
2021-02-10,945000.0
2021-02-11,945000.0
2021-02-12,942500.0
2021-02-15,940000.0
2021-02-16,935000.0
2021-02-17,922000.0
2021-02-18,925000.0
2021-02-19,923000.0
2021-02-22,930000.0
2021-02-23,938000.0
2021-02-24,938000.0
2021-02-25,934000.0
2021-02-26,922000.0
2021-03-01,923000.0
2021-03-02,923000.0
2021-03-03,928000.0
2021-03-04,923000.0
2021-03-05,918000.0
2021-03-08,924000.0
2021-03-09,915000.0
2021-03-10,930000.0
2021-03-11,930000.0
2021-03-12,929000.0
2021-03-15,924000.0
2021-03-16,927000.0
2021-03-17,927000.0
2021-03-18,935000.0
2021-03-19,925000.0
2021-03-22,931000.0
2021-03-23,929000.0
2021-03-24,921000.0
2021-03-25,924000.0
2021-03-26,921000.0
2021-03-29,921000.0
2021-03-30,911000.0
2021-03-31,903000.0
2021-04-01,913000.0
2021-04-02,922000.0
2021-04-05,921000.0
2021-04-06,920000.0
2021-04-07,924000.0
2021-04-08,922000.0
2021-04-09,931000.0
2021-04-12,926000.0
2021-04-13,924000.0
2021-04-14,930000.0
2021-04-15,925000.0
2021-04-16,935000.0
2021-04-19,939000.0
2021-04-20,933000.0
2021-04-21,932000.0
2021-04-22,940000.0
2021-04-23,935000.0
2021-04-26,933000.0
2021-04-27,930000.0
2021-04-28,926000.0
2021-04-29,931000.0
2021-04-30,922000.0
2021-05-03,921000.0
2021-05-04,930000.0
2021-05-05,922000.0
2021-05-06,926000.0
2021-05-07,934000.0
2021-05-10,937000.0
2021-05-11,933000.0
2021-05-12,934000.0
2021-05-13,935000.0
2021-05-14,936000.0
2021-05-17,937000.0
2021-05-18,947000.0
2021-05-19,948000.0
2021-05-20,947000.0
2021-05-21,957000.0
2021-05-24,959000.0
2021-05-25,955000.0
2021-05-26,958500.0
2021-05-27,962000.0
2021-05-28,962000.0
2021-05-31,965000.0
2021-06-01,963000.0
2021-06-02,961000.0
2021-06-03,964000.0
2021-06-04,949000.0
2021-06-07,959000.0
2021-06-08,960000.0
2021-06-09,957000.0
2021-06-10,954000.0
2021-06-11,957000.0
2021-06-14,945000.0
2021-06-15,943000.0
2021-06-16,940000.0
2021-06-17,928000.0
2021-06-18,920000.0
2021-06-21,923000.0
2021-06-22,932000.0
2021-06-23,930000.0
2021-06-24,932000.0
2021-06-25,932000.0
2021-06-28,933000.0
2021-06-29,932000.0
2021-06-30,927000.0
2021-07-01,932000.0
2021-07-02,935000.0
2021-07-05,941000.0
2021-07-06,939000.0
2021-07-07,940000.0
2021-07-08,945000.0
2021-07-09,947000.0
2021-07-12,950000.0
2021-07-13,946000.0
2021-07-14,945000.0
2021-07-15,953000.0
2021-07-16,956000.0
2021-07-19,950000.0
2021-07-20,948500.0
2021-07-21,947000.0
2021-07-22,946000.0
2021-07-23,946000.0
2021-07-26,942000.0
2021-07-27,940000.0
2021-07-28,940000.0
2021-07-29,945000.0
2021-07-30,953000.0
2021-08-02,948000.0
2021-08-03,948000.0
2021-08-04,943000.0
2021-08-05,941000.0
2021-08-06,939000.0
2021-08-09,921000.0
2021-08-10,925000.0
2021-08-11,928500.0
2021-08-12,932000.0
2021-08-13,932000.0
2021-08-16,942000.0
2021-08-17,944000.0
2021-08-18,946000.0
2021-08-19,947000.0
2021-08-20,946000.0
2021-08-23,946000.0
2021-08-24,953000.0
2021-08-25,950000.0
2021-08-26,942000.0
2021-08-27,942000.0
2021-08-30,951000.0
2021-08-31,944000.0
2021-09-01,941000.0
2021-09-02,939000.0
2021-09-03,937000.0
2021-09-06,942000.0
2021-09-07,940000.0
2021-09-08,928000.0
2021-09-09,930000.0
2021-09-10,934000.0
2021-09-13,929000.0
2021-09-14,932000.0
2021-09-15,936000.0
2021-09-16,932000.0
2021-09-17,918000.0
2021-09-20,917000.0
2021-09-21,922000.0
2021-09-22,926000.0
2021-09-23,924000.0
2021-09-24,917000.0
2021-09-27,918000.0
2021-09-28,918000.0
2021-09-29,913000.0
2021-09-30,913000.0
2021-10-01,922000.0
2021-10-04,924000.0
2021-10-05,922000.0
2021-10-06,917000.0
2021-10-07,918000.0
2021-10-08,914000.0
2021-10-11,914000.0
2021-10-12,912000.0
2021-10-13,916000.0
2021-10-14,928000.0
2021-10-15,926000.0
2021-10-18,915000.0
2021-10-19,915000.0
2021-10-20,916000.0
2021-10-21,921000.0
2021-10-22,925000.0
2021-10-25,929000.0
2021-10-26,934000.0
2021-10-27,929000.0
2021-10-28,930000.0
2021-10-29,931000.0
2021-11-01,924000.0
2021-11-02,930000.0
2021-11-03,929000.0
2021-11-04,927000.0
2021-11-05,934000.0
2021-11-08,945000.0
2021-11-09,943000.0
2021-11-10,943000.0
2021-11-11,951000.0
2021-11-12,956000.0
2021-11-15,955000.0
2021-11-16,952000.0
2021-11-17,948000.0
2021-11-18,956000.0
2021-11-19,953000.0
2021-11-22,947000.0
2021-11-23,935000.0
2021-11-24,929000.0
2021-11-25,929000.0
2021-11-26,930000.0
2021-11-29,930000.0
2021-11-30,930000.0
2021-12-01,925000.0
2021-12-02,929000.0
2021-12-03,926000.0
2021-12-06,932000.0
2021-12-07,933000.0
2021-12-08,933000.0
2021-12-09,930000.0
2021-12-10,927000.0
2021-12-13,930000.0
2021-12-14,929000.0
2021-12-15,924000.0
2021-12-16,927000.0
2021-12-17,934000.0
2021-12-20,935000.0
2021-12-21,934000.0
2021-12-22,931000.0
2021-12-23,932000.0
2021-12-24,933000.0
2021-12-27,931000.0
2021-12-28,934000.0
2021-12-29,932000.0
2021-12-30,933000.0
2021-12-31,938000.0
2022-01-03,945000.0
2022-01-04,935000.0
2022-01-05,940000.0
2022-01-06,941000.0
2022-01-07,934000.0
2022-01-10,933000.0
2022-01-11,934000.0
2022-01-12,940000.0
2022-01-13,941000.0
2022-01-14,939000.0
2022-01-17,937000.0
2022-01-18,939000.0
2022-01-19,936000.0
2022-01-20,948000.0
2022-01-21,947000.0
2022-01-24,944000.0
2022-01-25,947000.0
2022-01-26,950000.0
2022-01-27,938000.0
2022-01-28,930000.0
2022-01-31,927000.0
2022-02-01,931000.0
2022-02-02,932000.0
2022-02-03,933000.0
2022-02-04,934000.0
2022-02-07,937000.0
2022-02-08,943000.0
2022-02-09,943000.0
2022-02-10,945000.0
2022-02-11,941000.0
2022-02-14,953000.0
2022-02-15,957000.0
2022-02-16,946000.0
2022-02-17,953000.0
2022-02-18,967000.0
2022-02-21,972000.0
2022-02-22,972000.0
2022-02-23,969000.0
2022-02-24,974000.0
2022-02-25,975000.0
2022-02-28,978000.0
2022-03-01,977000.0
2022-03-02,987000.0
2022-03-03,987000.0
2022-03-04,990000.0
2022-03-07,1013000.0
2022-03-08,1019000.0
2022-03-09,1036000.0
2022-03-10,1010000.0
2022-03-11,1010000.0
2022-03-14,1001000.0
2022-03-15,994000.0
2022-03-16,984000.0
2022-03-17,986000.0
2022-03-18,991000.0
2022-03-21,983000.0
2022-03-22,989000.0
2022-03-23,984000.0
2022-03-24,994000.0
2022-03-25,1000000.0
2022-03-28,999000.0
2022-03-29,985000.0
2022-03-30,983000.0
2022-03-31,987000.0
2022-04-01,989000.0
2022-04-04,985000.0
2022-04-05,988000.0
2022-04-06,983000.0
2022-04-07,984000.0
2022-04-08,988000.0
2022-04-11,993000.0
2022-04-12,997000.0
2022-04-13,1002000.0
2022-04-14,1006000.0
2022-04-15,1005000.0
2022-04-18,1010000.0
2022-04-19,1007000.0
2022-04-20,995000.0
2022-04-21,998000.0
2022-04-22,997000.0
2022-04-25,988000.0
2022-04-26,982000.0
2022-04-27,981000.0
2022-04-28,975000.0
2022-04-29,975285.7142857143
2022-05-02,975571.4285714285
2022-05-03,975857.1428571428
2022-05-04,976142.8571428572
2022-05-05,976428.5714285715
2022-05-06,976714.2857142857
2022-05-09,977000.0
2022-05-10,970000.0
2022-05-11,966000.0
2022-05-12,975000.0
2022-05-13,969000.0
2022-05-16,967000.0
2022-05-17,974000.0
2022-05-18,971000.0
2022-05-19,973000.0
2022-05-20,985000.0
2022-05-23,984000.0
2022-05-24,987000.0
2022-05-25,992000.0
2022-05-26,988000.0
2022-05-27,988000.0
2022-05-30,985000.0
2022-05-31,983000.0
2022-06-01,979000.0
2022-06-02,984000.0
2022-06-03,989000.0
2022-06-06,980000.0
2022-06-07,976000.0
2022-06-08,981000.0
2022-06-09,983000.0
2022-06-10,984000.0
2022-06-13,996000.0
2022-06-14,986000.0
2022-06-15,984000.0
2022-06-16,994000.0
2022-06-17,999000.0
2022-06-20,999000.0
2022-06-21,999000.0
2022-06-22,993000.0
2022-06-23,999000.0
2022-06-24,992000.0
2022-06-27,994000.0
2022-06-28,988000.0
2022-06-29,988000.0
2022-06-30,988000.0
2022-07-01,984000.0
2022-07-04,989000.0
2022-07-05,989000.0
2022-07-06,977000.0
2022-07-07,969000.0
2022-07-08,969000.0
2022-07-11,969000.0
2022-07-12,966000.0
2022-07-13,964000.0
2022-07-14,967000.0
2022-07-15,962000.0
2022-07-18,963000.0
2022-07-19,961000.0
2022-07-20,963000.0
2022-07-21,957000.0
2022-07-22,965000.0
2022-07-25,969000.0
2022-07-26,966000.0
2022-07-27,966000.0
2022-07-28,978000.0
2022-07-29,982000.0
2022-08-01,980000.0
2022-08-02,984000.0
2022-08-03,978000.0
2022-08-04,983000.0
2022-08-05,998000.0
2022-08-08,987000.0
2022-08-09,996000.0
2022-08-10,995000.0
2022-08-11,995000.0
2022-08-12,990000.0
2022-08-15,988000.0
2022-08-16,980000.0
2022-08-17,980000.0
2022-08-18,975000.0
2022-08-19,974000.0
2022-08-22,971000.0
2022-08-23,968000.0
2022-08-24,972000.0
2022-08-25,972000.0
2022-08-26,972000.0
2022-08-29,962000.0
2022-08-30,965000.0
2022-08-31,957000.0
2022-09-01,949000.0
2022-09-02,947000.0
2022-09-05,951000.0
2022-09-06,955000.0
2022-09-07,946000.0
2022-09-08,950000.0
2022-09-09,947000.0
2022-09-12,947000.0
2022-09-13,950000.0
2022-09-14,942000.0
2022-09-15,942000.0
2022-09-16,933000.0
2022-09-19,940000.0
2022-09-20,942000.0
2022-09-21,937000.0
2022-09-22,937000.0
2022-09-23,941000.0
2022-09-26,932000.0
2022-09-27,930000.0
2022-09-28,932000.0
2022-09-29,942000.0
2022-09-30,945000.0
2022-10-03,945000.0
2022-10-04,955000.0
2022-10-05,962000.0
2022-10-06,957000.0
2022-10-07,953000.0
2022-10-10,949000.0
2022-10-11,941000.0
2022-10-12,941000.0
2022-10-13,945000.0
2022-10-14,940000.0
2022-10-17,935000.0
2022-10-18,940000.0
2022-10-19,940000.0
2022-10-20,933000.0
2022-10-21,936000.0
2022-10-24,946000.0
2022-10-25,943000.0
2022-10-26,943000.0
2022-10-27,948000.0
2022-10-28,944000.0
2022-10-31,939000.0
2022-11-01,936000.0
2022-11-02,944000.0
2022-11-03,939000.0
2022-11-04,939000.0
2022-11-07,951000.0
2022-11-08,950000.0
2022-11-09,961000.0
2022-11-10,959000.0
2022-11-11,974000.0
2022-11-14,970000.0
2022-11-15,973000.0
2022-11-16,981000.0
2022-11-17,981000.0
2022-11-18,980000.0
2022-11-21,978000.0
2022-11-22,975000.0
2022-11-23,977000.0
2022-11-24,981000.0
2022-11-25,980000.0
2022-11-28,979000.0
2022-11-29,977000.0
2022-11-30,981000.0
2022-12-01,991000.0
2022-12-02,1004000.0
2022-12-05,999000.0
2022-12-06,984000.0
2022-12-07,984000.0
2022-12-08,999000.0
2022-12-09,1003000.0
2022-12-12,1005000.0
2022-12-13,998000.0
2022-12-14,1013000.0
2022-12-15,1013000.0
2022-12-16,1000000.0
2022-12-19,1007000.0
2022-12-20,1004000.0
2022-12-21,1016000.0
2022-12-22,1014000.0
2022-12-23,1004000.0
2022-12-26,1006000.0
2022-12-27,1008000.0
2022-12-28,1014000.0
2022-12-29,1012000.0
2022-12-30,1020000.0
2023-01-02,1026000.0
2023-01-03,1022000.0
2023-01-04,1024000.0
2023-01-05,1031000.0
2023-01-06,1022000.0
2023-01-09,1033000.0
2023-01-10,1035000.0
2023-01-11,1035000.0
2023-01-12,1035000.0
2023-01-13,1042000.0
2023-01-16,1042000.0
2023-01-17,1032000.0
2023-01-18,1022000.0
2023-01-19,1029000.0
2023-01-20,1039000.0
2023-01-23,1035000.0
2023-01-24,1037000.0
2023-01-25,1040000.0
2023-01-26,1035000.0
2023-01-27,1030000.0
2023-01-30,1029000.0
2023-01-31,1027000.0
2023-02-01,1029000.0
2023-02-02,1042000.0
2023-02-03,1029000.0
2023-02-06,1014000.0
2023-02-07,1017000.0
2023-02-08,1028000.0
2023-02-09,1033000.0
2023-02-10,1026000.0
2023-02-13,1027000.0
2023-02-14,1026000.0
2023-02-15,1029000.0
2023-02-16,1019000.0
2023-02-17,1019000.0
2023-02-20,1020000.0
2023-02-21,1023000.0
2023-02-22,1019000.0
2023-02-23,1015000.0
2023-02-24,1016000.0
2023-02-27,1017666.6666666666
2023-02-28,1019333.3333333334
2023-03-01,1021000.0
2023-03-02,1024000.0
2023-03-03,1025000.0
2023-03-06,1033000.0
2023-03-07,1032000.0
2023-03-08,1020000.0
2023-03-09,1024000.0
2023-03-10,1034000.0
2023-03-13,1054000.0
2023-03-14,1064000.0
2023-03-15,1054000.0
2023-03-16,1064000.0
2023-03-17,1063000.0
2023-03-20,1085000.0
2023-03-21,1084000.0
2023-03-22,1074000.0
2023-03-23,1087000.0
2023-03-24,1096000.0
2023-03-27,1087000.0
2023-03-28,1077000.0
2023-03-29,1082000.0
2023-03-30,1072000.0
2023-03-31,1078000.0
2023-04-03,1068000.0
2023-04-04,1073000.0
2023-04-05,1083000.0
2023-04-06,1078000.0
2023-04-07,1074000.0
2023-04-10,1072000.0
2023-04-11,1069000.0
2023-04-12,1071000.0
2023-04-13,1075000.0
2023-04-14,1084000.0
2023-04-17,1066000.0
2023-04-18,1054000.0
2023-04-19,1055333.3333333333
2023-04-20,1056666.6666666667
2023-04-21,1058000.0
2023-04-24,1059333.3333333333
2023-04-25,1060666.6666666667
2023-04-26,1062000.0
2023-04-27,1062000.0
2023-04-28,1062000.0
2023-05-01,1062000.0
