tanggal,harga_emas,kurs_dolar_rp
2013-08-26,498952.0,11140.0
2013-08-27,513169.0,11247.5
2013-08-28,524389.0,11491.0
2013-08-29,518760.0,11441.0
2013-08-30,511792.0,11378.5
2013-08-31,510731.0,11378.5
2013-09-01,510731.0,11378.5
2013-09-02,507555.0,11350.0
2013-09-03,518282.0,11441.0
2013-09-04,511106.0,11450.0
2013-09-05,511682.0,11616.0
2013-09-06,521413.0,11675.0
2013-09-07,522726.0,11675.0
2013-09-08,522726.0,11675.0
2013-09-09,519591.0,11653.5
2013-09-10,506479.0,11540.0
2013-09-11,503436.0,11487.5
2013-09-12,491341.0,11475.0
2013-09-13,482180.0,11411.0
2013-09-14,486986.0,11411.0
2013-09-15,486986.0,11411.0
2013-09-16,484425.0,11425.0
2013-09-17,481413.0,11425.0
2013-09-18,480384.0,11475.0
2013-09-19,496335.0,11275.0
2013-09-20,485879.0,11350.0
2013-09-21,484091.0,11350.0
2013-09-22,484091.0,11350.0
2013-09-23,489976.0,11475.0
2013-09-24,488425.0,11550.0
2013-09-25,496594.0,11550.0
2013-09-26,487068.0,11450.0
2013-09-27,494999.0,11500.0
2013-09-28,494371.0,11500.0
2013-09-29,494371.0,11500.0
2013-09-30,497251.0,11637.5
2013-10-01,475071.0,11500.0
2013-10-02,488257.0,11525.0
2013-10-03,488961.0,11525.0
2013-10-04,485108.0,11525.0
2013-10-05,485849.0,11525.0
2013-10-06,485849.0,11525.0
2013-10-07,489712.0,11500.0
2013-10-08,489934.0,11500.0
2013-10-09,481541.0,11500.0
2013-10-10,480321.0,11500.0
2013-10-11,463218.0,11350.0
2013-10-12,463838.0,11350.0
2013-10-13,463838.0,11350.0
2013-10-14,466466.0,11350.0
2013-10-15,464167.0,11350.0
2013-10-16,467444.0,11352.5
2013-10-17,482409.0,11352.5
2013-10-18,478054.0,11312.5
2013-10-19,479545.0,11312.5
2013-10-20,479545.0,11312.5
2013-10-21,480635.0,11342.5
2013-10-22,488958.0,11327.5
2013-10-23,483763.0,11262.5
2013-10-24,484415.0,11150.0
2013-10-25,476345.0,10967.5
2013-10-26,477403.0,10967.5
2013-10-27,477403.0,10967.5
2013-10-28,481136.0,11050.0
2013-10-29,479127.0,11075.0
2013-10-30,487956.0,11200.0
2013-10-31,478500.0,11275.0
2013-11-01,478111.0,11297.5
2013-11-02,477965.0,11297.5
2013-11-03,477965.0,11297.5
2013-11-04,481376.0,11360.0
2013-11-05,479331.0,11360.0
2013-11-06,482994.0,11402.5
2013-11-07,479338.0,11377.5
2013-11-08,471563.0,11400.0
2013-11-09,472442.0,11400.0
2013-11-10,472442.0,11400.0
2013-11-11,475709.0,11532.5
2013-11-12,475621.0,11590.0
2013-11-13,477077.0,11620.0
2013-11-14,477238.0,11505.0
2013-11-15,480656.0,11600.0
2013-11-16,481066.0,11600.0
2013-11-17,481066.0,11600.0
2013-11-18,476682.0,11635.0
2013-11-19,476451.0,11607.5
2013-11-20,471985.0,11622.5
2013-11-21,466495.0,11690.0
2013-11-22,470103.0,11727.5
2013-11-23,468897.0,11727.5
2013-11-24,468897.0,11727.5
2013-11-25,467431.0,11712.5
2013-11-26,471144.0,11787.5
2013-11-27,473687.0,11875.0
2013-11-28,480887.0,12010.0
2013-11-29,483899.0,12010.0
2013-11-30,483706.0,12010.0
2013-12-01,483706.0,12010.0
2013-12-02,465004.0,11775.0
2013-12-03,469547.0,11925.0
2013-12-04,471723.0,11950.0
2013-12-05,476000.0,12007.5
2013-12-06,474970.0,11966.0
2013-12-07,473316.0,11966.0
2013-12-08,473316.0,11966.0
2013-12-09,475443.0,11975.0
2013-12-10,486262.0,11975.0
2013-12-11,486790.0,12017.5
2013-12-12,475662.0,12040.0
2013-12-13,482027.0,12107.5
2013-12-14,482416.0,12107.5
2013-12-15,482416.0,12107.5
2013-12-16,486544.0,12125.0
2013-12-17,479995.0,12125.0
2013-12-18,481035.0,12175.0
2013-12-19,471891.0,12220.0
2013-12-20,474513.0,12240.0
2013-12-21,473804.0,12240.0
2013-12-22,473804.0,12240.0
2013-12-23,472002.0,12230.0
2013-12-24,472873.0,12220.0
2013-12-25,473462.0,12220.0
2013-12-26,476605.0,12220.0
2013-12-27,478174.0,12235.0
2013-12-28,478016.0,12235.0
2013-12-29,478016.0,12235.0
2013-12-30,475830.0,12275.0
2013-12-31,475284.0,12232.5
2014-01-01,474261.0,12232.5
2014-01-02,482441.0,12232.5
2014-01-03,486453.0,12232.5
2014-01-04,487082.0,12232.5
2014-01-05,487082.0,12232.5
2014-01-06,488105.0,12232.5
2014-01-07,482481.0,12232.5
2014-01-08,480868.0,12232.5
2014-01-09,481773.0,12232.5
2014-01-10,489403.0,12232.5
2014-01-11,491212.0,12232.5
2014-01-12,491212.0,12232.5
2014-01-13,491644.0,12232.5
2014-01-14,482940.0,12070.0
2014-01-15,483178.0,12110.0
2014-01-16,483957.0,12110.0
2014-01-17,487882.0,12105.0
2014-01-18,488271.0,12105.0
2014-01-19,488271.0,12105.0
2014-01-20,489585.0,12125.0
2014-01-21,484239.0,12120.0
2014-01-22,484735.0,12150.0
2014-01-23,494344.0,12175.0
2014-01-24,494475.0,12185.0
2014-01-25,497610.0,12185.0
2014-01-26,497610.0,12185.0
2014-01-27,497557.0,12259.0
2014-01-28,493770.0,12255.0
2014-01-29,495001.0,12170.0
2014-01-30,488752.0,12230.0
2014-01-31,488713.0,12230.0
2014-02-01,475071.0,11500.0
2014-02-02,488257.0,11525.0
2014-02-03,488961.0,11525.0
2014-02-04,485108.0,11525.0
2014-02-05,485849.0,11525.0
2014-02-06,485849.0,11525.0
2014-02-07,489712.0,11500.0
2014-02-08,489934.0,11500.0
2014-02-09,481541.0,11500.0
2014-02-10,480321.0,11500.0
2014-02-11,463218.0,11350.0
2014-02-12,463838.0,11350.0
2014-02-13,463838.0,11350.0
2014-02-14,466466.0,11350.0
2014-02-15,464167.0,11350.0
2014-02-16,467444.0,11352.5
2014-02-17,482409.0,11352.5
2014-02-18,478054.0,11312.5
2014-02-19,479545.0,11312.5
2014-02-20,479545.0,11312.5
2014-02-21,480635.0,11342.5
2014-02-22,488958.0,11327.5
2014-02-23,483763.0,11262.5
2014-02-24,484415.0,11150.0
2014-02-25,476345.0,10967.5
2014-02-26,477403.0,10967.5
2014-02-27,477403.0,10967.5
2014-02-28,481136.0,11050.0
2014-03-01,497785.0,11650.0
2014-03-02,497785.0,11650.0
2014-03-03,505196.0,11600.0
2014-03-04,500006.0,11625.0
2014-03-05,499677.0,11600.0
2014-03-06,499744.0,11525.0
2014-03-07,490988.0,11400.0
2014-03-08,491245.0,11400.0
2014-03-09,491245.0,11400.0
2014-03-10,491648.0,11400.0
2014-03-11,490477.0,11350.0
2014-03-12,503121.0,11425.0
2014-03-13,503377.0,11400.0
2014-03-14,503809.0,11375.0
2014-03-15,505601.0,11375.0
2014-03-16,505601.0,11375.0
2014-03-17,498961.0,11300.0
2014-03-18,494123.0,11275.0
2014-03-19,488231.0,11325.0
2014-03-20,489457.0,11425.0
2014-03-21,491632.0,11450.0
2014-03-22,491485.0,11450.0
2014-03-23,491485.0,11450.0
2014-03-24,481019.0,11400.0
2014-03-25,479927.0,11375.0
2014-03-26,477647.0,11400.0
2014-03-27,474605.0,11400.0
2014-03-28,474495.0,11400.0
2014-03-29,474788.0,11400.0
2014-03-30,474788.0,11400.0
2014-03-31,472112.0,11400.0
2014-04-01,464507.0,11275.0
2014-04-02,469243.0,11300.0
2014-04-03,467281.0,11300.0
2014-04-04,475415.0,11325.0
2014-04-05,474614.0,11325.0
2014-04-06,474614.0,11325.0
2014-04-07,471386.0,11300.0
2014-04-08,476109.0,11300.0
2014-04-09,474402.0,11300.0
2014-04-10,479343.0,11300.0
2014-04-11,485212.0,11437.5
2014-04-12,485175.0,11437.5
2014-04-13,485175.0,11437.5
2014-04-14,486187.0,11400.0
2014-04-15,478716.0,11415.0
2014-04-16,478129.0,11415.0
2014-04-17,476330.0,11415.0
2014-04-18,475303.0,11415.0
2014-04-19,475303.0,11415.0
2014-04-20,475303.0,11415.0
2014-04-21,472550.0,11415.0
2014-04-22,473116.0,11475.0
2014-04-23,479560.0,11615.0
2014-04-24,481913.0,11615.0
2014-04-25,484570.0,11575.0
2014-04-26,485463.0,11575.0
2014-04-27,485463.0,11575.0
2014-04-28,482672.0,11575.0
2014-04-29,482672.0,11575.0
2014-04-30,480590.0,11550.0
2014-05-01,476876.0,11550.0
2014-05-02,483152.0,11550.0
2014-05-03,483189.0,11550.0
2014-05-04,483189.0,11550.0
2014-05-05,486531.0,11550.0
2014-05-06,484700.0,11525.0
2014-05-07,478141.0,11525.0
2014-05-08,481407.0,11610.0
2014-05-09,478622.0,11550.0
2014-05-10,479364.0,11550.0
2014-05-11,479364.0,11550.0
2014-05-12,481180.0,11525.0
2014-05-13,480550.0,11525.0
2014-05-14,481675.0,11475.0
2014-05-15,478465.0,11475.0
2014-05-16,476392.0,11450.0
2014-05-17,476134.0,11450.0
2014-05-18,476134.0,11450.0
2014-05-19,473930.0,11375.0
2014-05-20,475572.0,11425.0
2014-05-21,475218.0,11475.0
2014-05-22,478879.0,11500.0
2014-05-23,480995.0,11587.5
2014-05-24,481815.0,11587.5
2014-05-25,481815.0,11587.5
2014-05-26,482372.0,11600.0
2014-05-27,472339.0,11600.0
2014-05-28,469729.0,11600.0
2014-05-29,468796.0,11600.0
2014-05-30,464731.0,11600.0
2014-05-31,466671.0,11600.0
2014-06-01,466671.0,11600.0
2014-06-02,470514.0,11750.0
2014-06-03,470250.0,11750.0
2014-06-04,474138.0,11850.0
2014-06-05,477719.0,11850.0
2014-06-06,475096.0,11800.0
2014-06-07,475438.0,11800.0
2014-06-08,475438.0,11800.0
2014-06-09,474809.0,11775.0
2014-06-10,477307.0,11775.0
2014-06-11,477459.0,11775.0
2014-06-12,483139.0,11800.0
2014-06-13,482683.0,11775.0
2014-06-14,483781.0,11775.0
2014-06-15,483781.0,11775.0
2014-06-16,484049.0,11800.0
2014-06-17,484043.0,11850.0
2014-06-18,489050.0,11950.0
2014-06-19,502682.0,11912.5
2014-06-20,503754.0,11912.5
2014-06-21,503793.0,11912.5
2014-06-22,503793.0,11912.5
2014-06-23,504597.0,11912.5
2014-06-24,506423.0,11937.5
2014-06-25,511141.0,12025.0
2014-06-26,508860.0,12025.0
2014-06-27,511119.0,12050.0
2014-06-28,509685.0,12050.0
2014-06-29,509685.0,12050.0
2014-06-30,504603.0,11900.0
2014-07-01,505874.0,11850.0
2014-07-02,502174.0,11743.0
2014-07-03,505330.0,11900.0
2014-07-04,505292.0,11900.0
2014-07-05,505368.0,11900.0
2014-07-06,505368.0,11900.0
2014-07-07,495295.0,11700.0
2014-07-08,493861.0,11675.0
2014-07-09,496414.0,11675.0
2014-07-10,496594.0,11550.0
2014-07-11,498483.0,11600.0
2014-07-12,499527.0,11600.0
2014-07-13,499527.0,11600.0
2014-07-14,487220.0,11600.0
2014-07-15,486579.0,11675.0
2014-07-16,489539.0,11700.0
2014-07-17,493360.0,11637.5
2014-07-18,487593.0,11600.0
2014-07-19,488973.0,11600.0
2014-07-20,488973.0,11600.0
2014-07-21,489682.0,11600.0
2014-07-22,486654.0,11575.0
2014-07-23,483144.0,11525.0
2014-07-24,478475.0,11525.0
2014-07-25,482224.0,11550.0
2014-07-26,486011.0,11550.0
2014-07-27,486011.0,11550.0
2014-07-28,484006.0,11550.0
2014-07-29,481704.0,11550.0
2014-07-30,480664.0,11550.0
2014-07-31,477248.0,11550.0
2014-08-01,491296.0,11800.0
2014-08-02,491182.0,11800.0
2014-08-03,491182.0,11800.0
2014-08-04,486532.0,11750.0
2014-08-05,485701.0,11750.0
2014-08-06,493111.0,11725.0
2014-08-07,495825.0,11750.0
2014-08-08,497937.0,11805.0
2014-08-09,497140.0,11805.0
2014-08-10,497140.0,11805.0
2014-08-11,491796.0,11700.0
2014-08-12,493505.0,11675.0
2014-08-13,492041.0,11675.0
2014-08-14,493017.0,11675.0
2014-08-15,489732.0,11675.0
2014-08-16,489657.0,11675.0
2014-08-17,489657.0,11675.0
2014-08-18,487405.0,11675.0
2014-08-19,486204.0,11675.0
2014-08-20,486708.0,11707.0
2014-08-21,480456.0,11717.0
2014-08-22,479671.0,11654.0
2014-08-23,480196.0,11654.0
2014-08-24,480196.0,11654.0
2014-08-25,481275.0,11714.0
2014-08-26,483651.0,11715.0
2014-08-27,483099.0,11708.0
2014-08-28,484843.0,11682.0
2014-08-29,485052.0,11717.0
2014-08-30,485241.0,11717.0
2014-08-31,485241.0,11717.0
2014-09-01,484311.0,11710.0
2014-09-02,477343.0,11734.0
2014-09-03,480732.0,11781.0
2014-09-04,479384.0,11760.0
2014-09-05,478845.0,11770.0
2014-09-06,480283.0,11770.0
2014-09-07,480283.0,11770.0
2014-09-08,472182.0,11722.0
2014-09-09,472413.0,11754.0
2014-09-10,471644.0,11782.0
2014-09-11,471019.0,11831.0
2014-09-12,469079.0,11831.0
2014-09-13,467520.0,11831.0
2014-09-14,467520.0,11831.0
2014-09-15,471473.0,11875.0
2014-09-16,473962.0,11903.0
2014-09-17,473472.0,11908.0
2014-09-18,474571.0,12030.0
2014-09-19,469020.0,11985.0
2014-09-20,468827.0,11985.0
2014-09-21,468827.0,11985.0
2014-09-22,468588.0,11972.0
2014-09-23,470678.0,11987.0
2014-09-24,469014.0,11976.0
2014-09-25,468800.0,11947.0
2014-09-26,469031.0,12007.0
2014-09-27,470884.0,12007.0
2014-09-28,470884.0,12007.0
2014-09-29,474848.0,12120.0
2014-09-30,474409.0,12212.0
2014-10-01,477003.0,12188.0
2014-10-02,474578.0,12136.0
2014-10-03,465793.0,12144.0
2014-10-04,465051.0,12144.0
2014-10-05,465051.0,12144.0
2014-10-06,472524.0,12212.0
2014-10-07,474612.0,12190.0
2014-10-08,475063.0,12241.0
2014-10-09,479786.0,12190.0
2014-10-10,479552.0,12207.0
2014-10-11,480494.0,12207.0
2014-10-12,480494.0,12207.0
2014-10-13,481906.0,12202.0
2014-10-14,484374.0,12195.0
2014-10-15,489931.0,12229.0
2014-10-16,487911.0,12207.0
2014-10-17,486507.0,12222.0
2014-10-18,486821.0,12222.0
2014-10-19,486821.0,12222.0
2014-10-20,482206.0,12041.0
2014-10-21,482982.0,11993.0
2014-10-22,481296.0,12026.0
2014-10-23,475580.0,12034.0
2014-10-24,478008.0,12065.0
2014-10-25,477659.0,12065.0
2014-10-26,477659.0,12065.0
2014-10-27,476012.0,12042.0
2014-10-28,480441.0,12158.0
2014-10-29,478293.0,12163.0
2014-10-30,469337.0,12165.0
2014-10-31,453937.0,12082.0
2014-11-01,455802.0,12082.0
2014-11-02,455802.0,12082.0
2014-11-03,455191.0,12105.0
2014-11-04,456014.0,12130.0
2014-11-05,446149.0,12092.0
2014-11-06,448302.0,12179.0
2014-11-07,455087.0,12149.0
2014-11-08,460439.0,12149.0
2014-11-09,460439.0,12149.0
2014-11-10,452061.0,12138.0
2014-11-11,454791.0,12163.0
2014-11-12,456322.0,12205.0
2014-11-13,456504.0,12191.0
2014-11-14,460833.0,12206.0
2014-11-15,466876.0,12206.0
2014-11-16,466876.0,12206.0
2014-11-17,463478.0,12193.0
2014-11-18,466339.0,12146.0
2014-11-19,460076.0,12124.0
2014-11-20,464686.0,12161.0
2014-11-21,470785.0,12161.0
2014-11-22,470121.0,12161.0
2014-11-23,470121.0,12161.0
2014-11-24,466469.0,12122.0
2014-11-25,468397.0,12166.0
2014-11-26,468479.0,12160.0
2014-11-27,466431.0,12179.0
2014-11-28,462534.0,12196.0
2014-11-29,458181.0,12196.0
2014-11-30,458181.0,12196.0
2014-12-01,474418.0,12264.0
2014-12-02,474330.0,12276.0
2014-12-03,478819.0,12295.0
2014-12-04,479002.0,12318.0
2014-12-05,471900.0,12296.0
2014-12-06,472019.0,12296.0
2014-12-07,472019.0,12296.0
2014-12-08,474248.0,12352.0
2014-12-09,488744.0,12347.0
2014-12-10,487594.0,12336.0
2014-12-11,487198.0,12336.0
2014-12-12,489111.0,12432.0
2014-12-13,488591.0,12432.0
2014-12-14,488591.0,12432.0
2014-12-15,492724.0,12599.0
2014-12-16,496823.0,12900.0
2014-12-17,488909.0,12720.0
2014-12-18,483153.0,12565.0
2014-12-19,481176.0,12500.0
2014-12-20,480171.0,12500.0
2014-12-21,480171.0,12500.0
2014-12-22,472317.0,12435.0
2014-12-23,471913.0,12456.0
2014-12-24,470807.0,12467.0
2014-12-25,471088.0,12467.0
2014-12-26,479144.0,12467.0
2014-12-27,479425.0,12467.0
2014-12-28,479425.0,12467.0
2014-12-29,472439.0,12434.0
2014-12-30,481391.0,12436.0
2014-12-31,474827.0,12440.0
2015-01-01,473307.0,12440.0
2015-01-02,477689.0,12474.0
2015-01-03,477007.0,12474.0
2015-01-04,477007.0,12474.0
2015-01-05,484035.0,12589.0
2015-01-06,496130.0,12658.0
2015-01-07,496492.0,12732.0
2015-01-08,496904.0,12731.0
2015-01-09,494205.0,12640.0
2015-01-10,497253.0,12640.0
2015-01-11,497253.0,12640.0
2015-01-12,495875.0,12568.0
2015-01-13,501852.0,12608.0
2015-01-14,500757.0,12580.0
2015-01-15,511722.0,12617.0
2015-01-16,517875.0,12593.0
2015-01-17,518442.0,12593.0
2015-01-18,518442.0,12593.0
2015-01-19,517075.0,12612.0
2015-01-20,527427.0,12659.0
2015-01-21,520997.0,12557.0
2015-01-22,522683.0,12451.0
2015-01-23,516188.0,12444.0
2015-01-24,517989.0,12444.0
2015-01-25,517989.0,12444.0
2015-01-26,514991.0,12517.0
2015-01-27,519667.0,12493.0
2015-01-28,517303.0,12498.0
2015-01-29,506620.0,12515.0
2015-01-30,518054.0,12625.0
2015-01-31,521058.0,12625.0
2015-02-01,477003.0,12188.0
2015-02-02,474578.0,12136.0
2015-02-03,465793.0,12144.0
2015-02-04,465051.0,12144.0
2015-02-05,465051.0,12144.0
2015-02-06,472524.0,12212.0
2015-02-07,474612.0,12190.0
2015-02-08,475063.0,12241.0
2015-02-09,479786.0,12190.0
2015-02-10,479552.0,12207.0
2015-02-11,480494.0,12207.0
2015-02-12,480494.0,12207.0
2015-02-13,481906.0,12202.0
2015-02-14,484374.0,12195.0
2015-02-15,489931.0,12229.0
2015-02-16,487911.0,12207.0
2015-02-17,486507.0,12222.0
2015-02-18,486821.0,12222.0
2015-02-19,486821.0,12222.0
2015-02-20,482206.0,12041.0
2015-02-21,482982.0,11993.0
2015-02-22,481296.0,12026.0
2015-02-23,475580.0,12034.0
2015-02-24,478008.0,12065.0
2015-02-25,477659.0,12065.0
2015-02-26,477659.0,12065.0
2015-02-27,476012.0,12042.0
2015-02-28,480441.0,12158.0
2015-03-01,502014.0,12863.0
2015-03-02,505208.0,12993.0
2015-03-03,501878.0,12962.0
2015-03-04,501249.0,12963.0
2015-03-05,503782.0,13022.0
2015-03-06,489709.0,12983.0
2015-03-07,487914.0,12983.0
2015-03-08,487914.0,12983.0
2015-03-09,490068.0,13047.0
2015-03-10,486824.0,13059.0
2015-03-11,486252.0,13164.0
2015-03-12,487542.0,13176.0
2015-03-13,489073.0,13191.0
2015-03-14,491575.0,13191.0
2015-03-15,491575.0,13191.0
2015-03-16,490736.0,13237.0
2015-03-17,487574.0,13209.0
2015-03-18,488072.0,13164.0
2015-03-19,489230.0,13008.0
2015-03-20,499107.0,13075.0
2015-03-21,497173.0,13075.0
2015-03-22,497173.0,13075.0
2015-03-23,499439.0,13076.0
2015-03-24,496926.0,12972.0
2015-03-25,497930.0,12932.0
2015-03-26,504134.0,13003.0
2015-03-27,504021.0,13064.0
2015-03-28,503265.0,13064.0
2015-03-29,503265.0,13064.0
2015-03-30,498433.0,13086.0
2015-03-31,499114.0,13084.0
2015-04-01,506020.0,13043.0
2015-04-02,501384.0,13000.0
2015-04-03,502597.0,13000.0
2015-04-04,502597.0,13000.0
2015-04-05,502597.0,13000.0
2015-04-06,507469.0,12942.0
2015-04-07,505407.0,12982.0
2015-04-08,502298.0,13002.0
2015-04-09,498049.0,12973.0
2015-04-10,500321.0,12910.0
2015-04-11,501441.0,12910.0
2015-04-12,501441.0,12910.0
2015-04-13,499138.0,12945.0
2015-04-14,497862.0,12979.0
2015-04-15,499624.0,12976.0
2015-04-16,494187.0,12838.0
2015-04-17,497548.0,12863.0
2015-04-18,498003.0,12863.0
2015-04-19,498003.0,12863.0
2015-04-20,494701.0,12875.0
2015-04-21,500812.0,12942.0
2015-04-22,494911.0,12952.0
2015-04-23,495870.0,12939.0
2015-04-24,489623.0,12941.0
2015-04-25,491370.0,12941.0
2015-04-26,491370.0,12941.0
2015-04-27,501077.0,12922.0
2015-04-28,506294.0,12978.0
2015-04-29,504331.0,12964.0
2015-04-30,500951.0,12937.0
2015-05-01,487641.0,12937.0
2015-05-02,490054.0,12937.0
2015-05-03,490054.0,12937.0
2015-05-04,498552.0,13021.0
2015-05-05,498441.0,12993.0
2015-05-06,499280.0,13040.0
2015-05-07,497087.0,13065.0
2015-05-08,503381.0,13177.0
2015-05-09,503297.0,13177.0
2015-05-10,503297.0,13177.0
2015-05-11,499069.0,13116.0
2015-05-12,507006.0,13203.0
2015-05-13,516098.0,13188.0
2015-05-14,519193.0,13188.0
2015-05-15,515587.0,13090.0
2015-05-16,515293.0,13090.0
2015-05-17,515293.0,13090.0
2015-05-18,517792.0,13116.0
2015-05-19,512215.0,13183.0
2015-05-20,512052.0,13169.0
2015-05-21,509326.0,13150.0
2015-05-22,509586.0,13136.0
2015-05-23,509502.0,13136.0
2015-05-24,509502.0,13136.0
2015-05-25,511865.0,13186.0
2015-05-26,503573.0,13192.0
2015-05-27,504687.0,13229.0
2015-05-28,504409.0,13205.0
2015-05-29,505190.0,13211.0
2015-05-30,505615.0,13211.0
2015-05-31,505615.0,13211.0
2015-06-01,506810.0,13230.0
2015-06-02,507618.0,13230.0
2015-06-03,501350.0,13196.0
2015-06-04,500495.0,13243.0
2015-06-05,499120.0,13288.0
2015-06-06,501043.0,13288.0
2015-06-07,501043.0,13288.0
2015-06-08,503843.0,13360.0
2015-06-09,505895.0,13362.0
2015-06-10,508974.0,13329.0
2015-06-11,504527.0,13292.0
2015-06-12,505262.0,13317.0
2015-06-13,505904.0,13317.0
2015-06-14,505904.0,13317.0
2015-06-15,509727.0,13333.0
2015-06-16,506469.0,13333.0
2015-06-17,505697.0,13367.0
2015-06-18,515051.0,13341.0
2015-06-19,515251.0,13324.0
2015-06-20,514566.0,13324.0
2015-06-21,514566.0,13324.0
2015-06-22,507612.0,13318.0
2015-06-23,504539.0,13316.0
2015-06-24,501296.0,13280.0
2015-06-25,502362.0,13323.0
2015-06-26,503485.0,13338.0
2015-06-27,503528.0,13338.0
2015-06-28,503528.0,13338.0
2015-06-29,506183.0,13356.0
2015-06-30,504030.0,13332.0
2015-07-01,501807.0,13331.0
2015-07-02,499546.0,13337.0
2015-07-03,500386.0,13316.0
2015-07-04,500386.0,13316.0
2015-07-05,500386.0,13316.0
2015-07-06,501433.0,13353.0
2015-07-07,495222.0,13313.0
2015-07-08,498338.0,13346.0
2015-07-09,498290.0,13347.0
2015-07-10,496214.0,13304.0
2015-07-11,497882.0,13304.0
2015-07-12,497882.0,13304.0
2015-07-13,495031.0,13309.0
2015-07-14,494712.0,13320.0
2015-07-15,491618.0,13329.0
2015-07-16,490804.0,13329.0
2015-07-17,485918.0,13329.0
2015-07-18,485961.0,13329.0
2015-07-19,485961.0,13329.0
2015-07-20,475291.0,13329.0
2015-07-21,474348.0,13329.0
2015-07-22,470320.0,13368.0
2015-07-23,471709.0,13394.0
2015-07-24,469633.0,13448.0
2015-07-25,475773.0,13448.0
2015-07-26,475773.0,13448.0
2015-07-27,474911.0,13453.0
2015-07-28,474206.0,13460.0
2015-07-29,473643.0,13444.0
2015-07-30,471804.0,13468.0
2015-07-31,474773.0,13481.0
2015-08-01,474773.0,13481.0
2015-08-02,474773.0,13481.0
2015-08-03,473338.0,13492.0
2015-08-04,474225.0,13495.0
2015-08-05,471869.0,13517.0
2015-08-06,475289.0,13529.0
2015-08-07,476362.0,13536.0
2015-08-08,476231.0,13536.0
2015-08-09,476231.0,13536.0
2015-08-10,481976.0,13536.0
2015-08-11,482720.0,13541.0
2015-08-12,497621.0,13758.0
2015-08-13,493688.0,13747.0
2015-08-14,493023.0,13763.0
2015-08-15,493067.0,13763.0
2015-08-16,493067.0,13763.0
2015-08-17,495280.0,13763.0
2015-08-18,496482.0,13831.0
2015-08-19,501875.0,13824.0
2015-08-20,512839.0,13838.0
2015-08-21,518257.0,13895.0
2015-08-22,518704.0,13895.0
2015-08-23,518704.0,13895.0
2015-08-24,520253.0,13998.0
2015-08-25,514768.0,14067.0
2015-08-26,510154.0,14102.0
2015-08-27,510550.0,14128.0
2015-08-28,511232.0,14011.0
2015-08-29,510826.0,14011.0
2015-08-30,510826.0,14011.0
2015-08-31,511545.0,14027.0
2015-09-01,516638.0,14081.0
2015-09-02,516009.0,14127.0
2015-09-03,511934.0,14160.0
2015-09-04,511035.0,14178.0
2015-09-05,511673.0,14178.0
2015-09-06,511673.0,14178.0
2015-09-07,512412.0,14234.0
2015-09-08,516499.0,14285.0
2015-09-09,504667.0,14244.0
2015-09-10,511759.0,14322.0
2015-09-11,508243.0,14306.0
2015-09-12,509807.0,14306.0
2015-09-13,509807.0,14306.0
2015-09-14,511114.0,14322.0
2015-09-15,510044.0,14371.0
2015-09-16,522036.0,14442.0
2015-09-17,519377.0,14452.0
2015-09-18,529584.0,14463.0
2015-09-19,530375.0,14463.0
2015-09-20,530375.0,14463.0
2015-09-21,526822.0,14451.0
2015-09-22,524418.0,14486.0
2015-09-23,532669.0,14623.0
2015-09-24,542636.0,14623.0
2015-09-25,541627.0,14690.0
2015-09-26,541863.0,14690.0
2015-09-27,541863.0,14690.0
2015-09-28,536084.0,14696.0
2015-09-29,535973.0,14728.0
2015-09-30,525708.0,14657.0
2015-10-01,525600.0,14654.0
2015-10-02,537362.0,14709.0
2015-10-03,538639.0,14709.0
2015-10-04,538639.0,14709.0
2015-10-05,533057.0,14604.0
2015-10-06,530826.0,14382.0
2015-10-07,518312.0,14065.0
2015-10-08,508212.0,13809.0
2015-10-09,504307.0,13521.0
2015-10-10,502786.0,13521.0
2015-10-11,502786.0,13521.0
2015-10-12,504118.0,13466.0
2015-10-13,508178.0,13557.0
2015-10-14,513583.0,13557.0
2015-10-15,507878.0,13288.0
2015-10-16,514583.0,13534.0
2015-10-17,512407.0,13534.0
2015-10-18,512407.0,13534.0
2015-10-19,511543.0,13563.0
2015-10-20,516281.0,13634.0
2015-10-21,514005.0,13696.0
2015-10-22,511947.0,13640.0
2015-10-23,504576.0,13491.0
2015-10-24,505140.0,13491.0
2015-10-25,505140.0,13491.0
2015-10-26,511797.0,13643.0
2015-10-27,510984.0,13626.0
2015-10-28,516743.0,13630.0
2015-10-29,500822.0,13562.0
2015-10-30,503096.0,13639.0
2015-10-31,503096.0,13639.0
2015-11-01,503096.0,13639.0
2015-11-02,499535.0,13682.0
2015-11-03,490335.0,13594.0
2015-11-04,482075.0,13461.0
2015-11-05,483968.0,13603.0
2015-11-06,474589.0,13550.0
2015-11-07,474676.0,13550.0
2015-11-08,474676.0,13550.0
2015-11-09,479740.0,13687.0
2015-11-10,478363.0,13619.0
2015-11-11,474714.0,13576.0
2015-11-12,471580.0,13575.0
2015-11-13,474516.0,13633.0
2015-11-14,475042.0,13633.0
2015-11-15,475042.0,13633.0
2015-11-16,479330.0,13732.0
2015-11-17,470310.0,13711.0
2015-11-18,472713.0,13763.0
2015-11-19,480452.0,13787.0
2015-11-20,476262.0,13739.0
2015-11-21,476085.0,13739.0
2015-11-22,476085.0,13739.0
2015-11-23,470896.0,13696.0
2015-11-24,475089.0,13723.0
2015-11-25,471512.0,13673.0
2015-11-26,473007.0,13733.0
2015-11-27,467302.0,13747.0
2015-11-28,467434.0,13747.0
2015-11-29,467434.0,13747.0
2015-11-30,473533.0,13840.0
2015-12-01,473504.0,13808.0
2015-12-02,466801.0,13757.0
2015-12-03,471256.0,13845.0
2015-12-04,483122.0,13833.0
2015-12-05,483389.0,13833.0
2015-12-06,483389.0,13833.0
2015-12-07,478947.0,13837.0
2015-12-08,478075.0,13853.0
2015-12-09,477630.0,13853.0
2015-12-10,481337.0,13954.0
2015-12-11,482453.0,13937.0
2015-12-12,481736.0,13937.0
2015-12-13,481736.0,13937.0
2015-12-14,483871.0,14076.0
2015-12-15,480282.0,14065.0
2015-12-16,485958.0,14050.0
2015-12-17,474869.0,14028.0
2015-12-18,481050.0,14032.0
2015-12-19,481140.0,14032.0
2015-12-20,481140.0,14032.0
2015-12-21,481719.0,13872.0
2015-12-22,471219.0,13615.0
2015-12-23,469327.0,13644.0
2015-12-24,472442.0,13644.0
2015-12-25,472091.0,13644.0
2015-12-26,472091.0,13644.0
2015-12-27,472091.0,13644.0
2015-12-28,469331.0,13639.0
2015-12-29,469502.0,13658.0
2015-12-30,470762.0,13794.0
2015-12-31,470619.0,13795.0
2016-01-01,470796.0,13795.0
2016-01-02,470796.0,13795.0
2016-01-03,470796.0,13795.0
2016-01-04,479628.0,13898.0
2016-01-05,483768.0,13931.0
2016-01-06,486087.0,13863.0
2016-01-07,496216.0,13946.0
2016-01-08,492583.0,13874.0
2016-01-09,492806.0,13874.0
2016-01-10,492806.0,13874.0
2016-01-11,492240.0,13935.0
2016-01-12,483682.0,13835.0
2016-01-13,486329.0,13861.0
2016-01-14,482964.0,13877.0
2016-01-15,486625.0,13886.0
2016-01-16,486268.0,13886.0
2016-01-17,486268.0,13886.0
2016-01-18,488202.0,13931.0
2016-01-19,486733.0,13921.0
2016-01-20,493365.0,13896.0
2016-01-21,489360.0,13899.0
2016-01-22,490309.0,13874.0
2016-01-23,489818.0,13874.0
2016-01-24,489818.0,13874.0
2016-01-25,493254.0,13844.0
2016-01-26,500041.0,13904.0
2016-01-27,498274.0,13871.0
2016-01-28,498341.0,13889.0
2016-01-29,496976.0,13846.0
2016-01-30,497777.0,13846.0
2016-01-31,497777.0,13846.0
2016-02-01,525600.0,14654.0
2016-02-02,537362.0,14709.0
2016-02-03,538639.0,14709.0
2016-02-04,538639.0,14709.0
2016-02-05,533057.0,14604.0
2016-02-06,530826.0,14382.0
2016-02-07,518312.0,14065.0
2016-02-08,508212.0,13809.0
2016-02-09,504307.0,13521.0
2016-02-10,502786.0,13521.0
2016-02-11,502786.0,13521.0
2016-02-12,504118.0,13466.0
2016-02-13,508178.0,13557.0
2016-02-14,513583.0,13557.0
2016-02-15,507878.0,13288.0
2016-02-16,514583.0,13534.0
2016-02-17,512407.0,13534.0
2016-02-18,512407.0,13534.0
2016-02-19,511543.0,13563.0
2016-02-20,516281.0,13634.0
2016-02-21,514005.0,13696.0
2016-02-22,511947.0,13640.0
2016-02-23,504576.0,13491.0
2016-02-24,505140.0,13491.0
2016-02-25,505140.0,13491.0
2016-02-26,511797.0,13643.0
2016-02-27,510984.0,13626.0
2016-02-28,516743.0,13630.0
2016-02-29,500822.0,13562.0
2016-03-01,529033.0,13367.0
2016-03-02,530275.0,13314.0
2016-03-03,535329.0,13260.0
2016-03-04,536497.0,13159.0
2016-03-05,532520.0,13159.0
2016-03-06,532520.0,13159.0
2016-03-07,530317.0,13029.0
2016-03-08,534347.0,13128.0
2016-03-09,529324.0,13128.0
2016-03-10,535794.0,13149.0
2016-03-11,529985.0,13087.0
2016-03-12,526241.0,13087.0
2016-03-13,526241.0,13087.0
2016-03-14,520909.0,13020.0
2016-03-15,517994.0,13087.0
2016-03-16,520350.0,13169.0
2016-03-17,535724.0,13166.0
2016-03-18,524714.0,13048.0
2016-03-19,526602.0,13048.0
2016-03-20,526602.0,13048.0
2016-03-21,526637.0,13160.0
2016-03-22,528042.0,13175.0
2016-03-23,517816.0,13167.0
2016-03-24,520185.0,13250.0
2016-03-25,518311.0,13250.0
2016-03-26,518311.0,13250.0
2016-03-27,518311.0,13250.0
2016-03-28,521466.0,13323.0
2016-03-29,531754.0,13363.0
2016-03-30,527471.0,13359.0
2016-03-31,525987.0,13276.0
2016-04-01,516440.0,13200.0
2016-04-02,519199.0,13200.0
2016-04-03,519199.0,13200.0
2016-04-04,514373.0,13145.0
2016-04-05,522162.0,13217.0
2016-04-06,519891.0,13223.0
2016-04-07,525318.0,13197.0
2016-04-08,525431.0,13169.0
2016-04-09,525050.0,13169.0
2016-04-10,525050.0,13169.0
2016-04-11,531213.0,13134.0
2016-04-12,529882.0,13123.0
2016-04-13,524960.0,13096.0
2016-04-14,521417.0,13238.0
2016-04-15,522729.0,13166.0
2016-04-16,522433.0,13166.0
2016-04-17,522433.0,13166.0
2016-04-18,523686.0,13204.0
2016-04-19,530380.0,13150.0
2016-04-20,529610.0,13133.0
2016-04-21,530527.0,13182.0
2016-04-22,520858.0,13169.0
2016-04-23,521959.0,13169.0
2016-04-24,521959.0,13169.0
2016-04-25,527894.0,13235.0
2016-04-26,527521.0,13215.0
2016-04-27,529360.0,13173.0
2016-04-28,536846.0,13204.0
2016-04-29,548648.0,13204.0
2016-04-30,548902.0,13204.0
2016-05-01,548902.0,13204.0
2016-05-02,549125.0,13192.0
2016-05-03,544660.0,13162.0
2016-05-04,544686.0,13246.0
2016-05-05,543451.0,13246.0
2016-05-06,551841.0,13246.0
2016-05-07,548562.0,13246.0
2016-05-08,548562.0,13246.0
2016-05-09,540782.0,13284.0
2016-05-10,540119.0,13333.0
2016-05-11,542941.0,13271.0
2016-05-12,543231.0,13299.0
2016-05-13,544107.0,13311.0
2016-05-14,544962.0,13311.0
2016-05-15,544962.0,13311.0
2016-05-16,546901.0,13328.0
2016-05-17,544977.0,13278.0
2016-05-18,544947.0,13319.0
2016-05-19,542387.0,13467.0
2016-05-20,545914.0,13573.0
2016-05-21,546394.0,13573.0
2016-05-22,546394.0,13573.0
2016-05-23,546188.0,13607.0
2016-05-24,537705.0,13606.0
2016-05-25,537856.0,13671.0
2016-05-26,533902.0,13615.0
2016-05-27,530108.0,13575.0
2016-05-28,529104.0,13575.0
2016-05-29,529104.0,13575.0
2016-05-30,529089.0,13641.0
2016-05-31,532108.0,13615.0
2016-06-01,530780.0,13671.0
2016-06-02,533561.0,13695.0
2016-06-03,542625.0,13612.0
2016-06-04,544463.0,13612.0
2016-06-05,544463.0,13612.0
2016-06-06,537846.0,13478.0
2016-06-07,534510.0,13375.0
2016-06-08,536435.0,13241.0
2016-06-09,540624.0,13231.0
2016-06-10,544239.0,13309.0
2016-06-11,545052.0,13309.0
2016-06-12,545052.0,13309.0
2016-06-13,551166.0,13341.0
2016-06-14,547503.0,13273.0
2016-06-15,553564.0,13398.0
2016-06-16,558129.0,13327.0
2016-06-17,554188.0,13358.0
2016-06-18,557795.0,13358.0
2016-06-19,557795.0,13358.0
2016-06-20,549141.0,13260.0
2016-06-21,542145.0,13286.0
2016-06-22,542250.0,13298.0
2016-06-23,537961.0,13265.0
2016-06-24,562602.0,13296.0
2016-06-25,562559.0,13296.0
2016-06-26,562559.0,13296.0
2016-06-27,573842.0,13495.0
2016-06-28,560483.0,13256.0
2016-06-29,560614.0,13166.0
2016-06-30,557736.0,13180.0
2016-07-01,565994.0,13172.0
2016-07-02,568027.0,13172.0
2016-07-03,568027.0,13172.0
2016-07-04,572304.0,13172.0
2016-07-05,573405.0,13172.0
2016-07-06,578444.0,13172.0
2016-07-07,575861.0,13172.0
2016-07-08,574294.0,13172.0
2016-07-09,578444.0,13172.0
2016-07-10,578444.0,13172.0
2016-07-11,572437.0,13112.0
2016-07-12,563231.0,13151.0
2016-07-13,565717.0,13095.0
2016-07-14,559607.0,13088.0
2016-07-15,560027.0,13086.0
2016-07-16,562845.0,13086.0
2016-07-17,562845.0,13086.0
2016-07-18,559917.0,13112.0
2016-07-19,560784.0,13086.0
2016-07-20,555319.0,13100.0
2016-07-21,561567.0,13122.0
2016-07-22,557089.0,13102.0
2016-07-23,557089.0,13102.0
2016-07-24,557089.0,13102.0
2016-07-25,557352.0,13135.0
2016-07-26,558157.0,13150.0
2016-07-27,560221.0,13130.0
2016-07-28,562447.0,13113.0
2016-07-29,567189.0,13094.0
2016-07-30,568789.0,13094.0
2016-07-31,568789.0,13094.0
2016-08-01,568643.0,13080.0
2016-08-02,574108.0,13079.0
2016-08-03,572018.0,13114.0
2016-08-04,575473.0,13138.0
2016-08-05,565114.0,13125.0
2016-08-06,564017.0,13125.0
2016-08-07,564017.0,13125.0
2016-08-08,565044.0,13144.0
2016-08-09,565880.0,13133.0
2016-08-10,567432.0,13123.0
2016-08-11,567548.0,13113.0
2016-08-12,563295.0,13120.0
2016-08-13,563549.0,13120.0
2016-08-14,563549.0,13120.0
2016-08-15,565701.0,13121.0
2016-08-16,567446.0,13098.0
2016-08-17,566057.0,13098.0
2016-08-18,569531.0,13114.0
2016-08-19,566416.0,13119.0
2016-08-20,565783.0,13119.0
2016-08-21,565783.0,13119.0
2016-08-22,568299.0,13197.0
2016-08-23,569414.0,13216.0
2016-08-24,565554.0,13252.0
2016-08-25,563976.0,13267.0
2016-08-26,564106.0,13242.0
2016-08-27,562445.0,13242.0
2016-08-28,562445.0,13242.0
2016-08-29,564701.0,13275.0
2016-08-30,561164.0,13260.0
2016-08-31,559436.0,13300.0
2016-09-01,560777.0,13269.0
2016-09-02,563807.0,13261.0
2016-09-03,564915.0,13261.0
2016-09-04,564915.0,13261.0
2016-09-05,563080.0,13197.0
2016-09-06,569457.0,13162.0
2016-09-07,565412.0,13086.0
2016-09-08,563060.0,13090.0
2016-09-09,560660.0,13089.0
2016-09-10,559019.0,13089.0
2016-09-11,559019.0,13089.0
2016-09-12,556157.0,13089.0
2016-09-13,559764.0,13151.0
2016-09-14,562489.0,13228.0
2016-09-15,557904.0,13190.0
2016-09-16,552791.0,13131.0
2016-09-17,553256.0,13131.0
2016-09-18,553256.0,13131.0
2016-09-19,555958.0,13164.0
2016-09-20,555790.0,13142.0
2016-09-21,560651.0,13148.0
2016-09-22,564835.0,13098.0
2016-09-23,563741.0,13098.0
2016-09-24,563277.0,13098.0
2016-09-25,563277.0,13098.0
2016-09-26,563466.0,13076.0
2016-09-27,555868.0,13027.0
2016-09-28,548525.0,12926.0
2016-09-29,550003.0,12952.0
2016-09-30,550535.0,12998.0
2016-10-01,550159.0,12998.0
2016-10-02,550159.0,12998.0
2016-10-03,548408.0,13010.0
2016-10-04,531530.0,12988.0
2016-10-05,527889.0,12995.0
2016-10-06,523381.0,12992.0
2016-10-07,524453.0,13002.0
2016-10-08,526167.0,13002.0
2016-10-09,526167.0,13002.0
2016-10-10,524873.0,12969.0
2016-10-11,525136.0,12992.0
2016-10-12,524086.0,13023.0
2016-10-13,526297.0,13028.0
2016-10-14,526688.0,13047.0
2016-10-15,524884.0,13047.0
2016-10-16,524884.0,13047.0
2016-10-17,527096.0,13054.0
2016-10-18,529628.0,13044.0
2016-10-19,530969.0,13007.0
2016-10-20,529263.0,12999.0
2016-10-21,529658.0,13020.0
2016-10-22,530118.0,13020.0
2016-10-23,530118.0,13020.0
2016-10-24,530127.0,13047.0
2016-10-25,532670.0,13022.0
2016-10-26,529725.0,12997.0
2016-10-27,531534.0,13027.0
2016-10-28,532853.0,13048.0
2016-10-29,535244.0,13048.0
2016-10-30,535244.0,13048.0
2016-10-31,534360.0,13051.0
2016-11-01,540535.0,13036.0
2016-11-02,548333.0,13058.0
2016-11-03,545521.0,13050.0
2016-11-04,549380.0,13103.0
2016-11-05,549927.0,13103.0
2016-11-06,549927.0,13103.0
2016-11-07,538531.0,13082.0
2016-11-08,536798.0,13090.0
2016-11-09,539539.0,13084.0
2016-11-10,532843.0,13118.0
2016-11-11,529090.0,13350.0
2016-11-12,526901.0,13350.0
2016-11-13,526901.0,13350.0
2016-11-14,523309.0,13358.0
2016-11-15,525227.0,13338.0
2016-11-16,526954.0,13347.0
2016-11-17,527680.0,13385.0
2016-11-18,520741.0,13408.0
2016-11-19,520784.0,13408.0
2016-11-20,520784.0,13408.0
2016-11-21,523764.0,13438.0
2016-11-22,522442.0,13424.0
2016-11-23,515036.0,13473.0
2016-11-24,516160.0,13540.0
2016-11-25,515515.0,13570.0
2016-11-26,516780.0,13570.0
2016-11-27,516780.0,13570.0
2016-11-28,515889.0,13467.0
2016-11-29,517287.0,13549.0
2016-11-30,512110.0,13563.0
2016-12-01,510207.0,13582.0
2016-12-02,511115.0,13524.0
2016-12-03,511898.0,13524.0
2016-12-04,511898.0,13524.0
2016-12-05,506728.0,13516.0
2016-12-06,504765.0,13405.0
2016-12-07,505082.0,13336.0
2016-12-08,501004.0,13304.0
2016-12-09,498645.0,13337.0
2016-12-10,497616.0,13337.0
2016-12-11,497616.0,13337.0
2016-12-12,498088.0,13337.0
2016-12-13,495116.0,13309.0
2016-12-14,496915.0,13285.0
2016-12-15,483221.0,13367.0
2016-12-16,492433.0,13426.0
2016-12-17,489929.0,13426.0
2016-12-18,489929.0,13426.0
2016-12-19,490740.0,13381.0
2016-12-20,486615.0,13393.0
2016-12-21,490302.0,13473.0
2016-12-22,488444.0,13435.0
2016-12-23,490539.0,13470.0
2016-12-24,490712.0,13470.0
2016-12-25,490712.0,13470.0
2016-12-26,491102.0,13470.0
2016-12-27,490986.0,13436.0
2016-12-28,492728.0,13447.0
2016-12-29,501651.0,13473.0
2016-12-30,499582.0,13436.0
2016-12-31,497768.0,13436.0
2017-01-01,497768.0,13436.0
2017-01-02,497379.0,13436.0
2017-01-03,503572.0,13485.0
2017-01-04,504350.0,13478.0
2017-01-05,508218.0,13370.0
2017-01-06,503053.0,13347.0
2017-01-07,503224.0,13347.0
2017-01-08,503224.0,13347.0
2017-01-09,509133.0,13385.0
2017-01-10,508973.0,13320.0
2017-01-11,508555.0,13327.0
2017-01-12,513688.0,13288.0
2017-01-13,511381.0,13308.0
2017-01-14,512279.0,13308.0
2017-01-15,512279.0,13308.0
2017-01-16,516283.0,13354.0
2017-01-17,522274.0,13381.0
2017-01-18,520077.0,13328.0
2017-01-19,516402.0,13376.0
2017-01-20,518097.0,13382.0
2017-01-21,520721.0,13382.0
2017-01-22,520721.0,13382.0
2017-01-23,523814.0,13372.0
2017-01-24,519769.0,13330.0
2017-01-25,514884.0,13340.0
2017-01-26,507964.0,13325.0
2017-01-27,510334.0,13359.0
2017-01-28,511880.0,13359.0
2017-01-29,511880.0,13359.0
2017-01-30,512804.0,13335.0
2017-01-31,520490.0,13343.0
2017-02-01,550159.0,12998.0
2017-02-02,550159.0,12998.0
2017-02-03,548408.0,13010.0
2017-02-04,531530.0,12988.0
2017-02-05,527889.0,12995.0
2017-02-06,523381.0,12992.0
2017-02-07,524453.0,13002.0
2017-02-08,526167.0,13002.0
2017-02-09,526167.0,13002.0
2017-02-10,524873.0,12969.0
2017-02-11,525136.0,12992.0
2017-02-12,524086.0,13023.0
2017-02-13,526297.0,13028.0
2017-02-14,526688.0,13047.0
2017-02-15,524884.0,13047.0
2017-02-16,524884.0,13047.0
2017-02-17,527096.0,13054.0
2017-02-18,529628.0,13044.0
2017-02-19,530969.0,13007.0
2017-02-20,529263.0,12999.0
2017-02-21,529658.0,13020.0
2017-02-22,530118.0,13020.0
2017-02-23,530118.0,13020.0
2017-02-24,530127.0,13047.0
2017-02-25,532670.0,13022.0
2017-02-26,529725.0,12997.0
2017-02-27,531534.0,13027.0
2017-02-28,532853.0,13048.0
2017-03-01,534977.0,13361.0
2017-03-02,530656.0,13361.0
2017-03-03,526434.0,13375.0
2017-03-04,530872.0,13375.0
2017-03-05,530872.0,13375.0
2017-03-06,526925.0,13364.0
2017-03-07,522309.0,13350.0
2017-03-08,519233.0,13340.0
2017-03-09,517482.0,13373.0
2017-03-10,516516.0,13393.0
2017-03-11,518690.0,13393.0
2017-03-12,518690.0,13393.0
2017-03-13,518023.0,13364.0
2017-03-14,517434.0,13360.0
2017-03-15,516110.0,13375.0
2017-03-16,526859.0,13336.0
2017-03-17,526903.0,13342.0
2017-03-18,527195.0,13342.0
2017-03-19,527195.0,13342.0
2017-03-20,528378.0,13329.0
2017-03-21,532372.0,13308.0
2017-03-22,535651.0,13335.0
2017-03-23,533448.0,13332.0
2017-03-24,534609.0,13329.0
2017-03-25,533486.0,13329.0
2017-03-26,533486.0,13329.0
2017-03-27,537367.0,13314.0
2017-03-28,537196.0,13314.0
2017-03-29,536159.0,13323.0
2017-03-30,534811.0,13316.0
2017-03-31,534746.0,13321.0
2017-04-01,534888.0,13321.0
2017-04-02,534888.0,13321.0
2017-04-03,536469.0,13324.0
2017-04-04,538049.0,13326.0
2017-04-05,534129.0,13329.0
2017-04-06,536770.0,13327.0
2017-04-07,542485.0,13341.0
2017-04-08,537852.0,13341.0
2017-04-09,537852.0,13341.0
2017-04-10,537212.0,13323.0
2017-04-11,542562.0,13282.0
2017-04-12,544832.0,13298.0
2017-04-13,548693.0,13264.0
2017-04-14,547431.0,13264.0
2017-04-15,547563.0,13264.0
2017-04-16,547563.0,13264.0
2017-04-17,549199.0,13255.0
2017-04-18,551530.0,13299.0
2017-04-19,548041.0,13299.0
2017-04-20,548555.0,13328.0
2017-04-21,550594.0,13320.0
2017-04-22,550025.0,13320.0
2017-04-23,550025.0,13320.0
2017-04-24,546068.0,13320.0
2017-04-25,540527.0,13296.0
2017-04-26,539261.0,13278.0
2017-04-27,540862.0,13299.0
2017-04-28,542730.0,13327.0
2017-04-29,543312.0,13327.0
2017-04-30,543312.0,13327.0
2017-05-01,537742.0,13327.0
2017-05-02,537264.0,13316.0
2017-05-03,533710.0,13297.0
2017-05-04,527338.0,13330.0
2017-05-05,526651.0,13339.0
2017-05-06,526467.0,13339.0
2017-05-07,526467.0,13339.0
2017-05-08,525807.0,13324.0
2017-05-09,520923.0,13317.0
2017-05-10,523956.0,13355.0
2017-05-11,525540.0,13355.0
2017-05-12,526266.0,13340.0
2017-05-13,526777.0,13340.0
2017-05-14,526777.0,13340.0
2017-05-15,527605.0,13319.0
2017-05-16,528851.0,13298.0
2017-05-17,537507.0,13306.0
2017-05-18,538195.0,13343.0
2017-05-19,539690.0,13410.0
2017-05-20,541199.0,13410.0
2017-05-21,541199.0,13410.0
2017-05-22,538485.0,13297.0
2017-05-23,536085.0,13296.0
2017-05-24,535774.0,13316.0
2017-05-25,537769.0,13316.0
2017-05-26,541226.0,13295.0
2017-05-27,541465.0,13295.0
2017-05-28,541465.0,13295.0
2017-05-29,542093.0,13312.0
2017-05-30,541480.0,13336.0
2017-05-31,543102.0,13321.0
2017-06-01,540918.0,13321.0
2017-06-02,546169.0,13311.0
2017-06-03,547124.0,13311.0
2017-06-04,547124.0,13311.0
2017-06-05,546637.0,13287.0
2017-06-06,551907.0,13285.0
2017-06-07,551862.0,13307.0
2017-06-08,546627.0,13316.0
2017-06-09,542321.0,13292.0
2017-06-10,541240.0,13292.0
2017-06-11,541240.0,13292.0
2017-06-12,541001.0,13292.0
2017-06-13,540373.0,13294.0
2017-06-14,544840.0,13286.0
2017-06-15,535072.0,13282.0
2017-06-16,536166.0,13298.0
2017-06-17,535875.0,13298.0
2017-06-18,535875.0,13298.0
2017-06-19,532923.0,13286.0
2017-06-20,531722.0,13297.0
2017-06-21,532250.0,13301.0
2017-06-22,535608.0,13319.0
2017-06-23,537544.0,13319.0
2017-06-24,538113.0,13319.0
2017-06-25,538113.0,13319.0
2017-06-26,532653.0,13319.0
2017-06-27,533964.0,13319.0
2017-06-28,534961.0,13319.0
2017-06-29,533193.0,13319.0
2017-06-30,531985.0,13319.0
2017-07-01,531557.0,13319.0
2017-07-02,531557.0,13319.0
2017-07-03,523400.0,13325.0
2017-07-04,526304.0,13386.0
2017-07-05,525218.0,13349.0
2017-07-06,525559.0,13364.0
2017-07-07,521977.0,13397.0
2017-07-08,522390.0,13397.0
2017-07-09,522390.0,13397.0
2017-07-10,522547.0,13408.0
2017-07-11,523709.0,13387.0
2017-07-12,524882.0,13368.0
2017-07-13,522064.0,13342.0
2017-07-14,527221.0,13347.0
2017-07-15,527165.0,13347.0
2017-07-16,527165.0,13347.0
2017-07-17,528193.0,13313.0
2017-07-18,531674.0,13314.0
2017-07-19,531001.0,13304.0
2017-07-20,533695.0,13320.0
2017-07-21,536711.0,13323.0
2017-07-22,537414.0,13323.0
2017-07-23,537414.0,13323.0
2017-07-24,537398.0,13319.0
2017-07-25,535747.0,13320.0
2017-07-26,535015.0,13334.0
2017-07-27,538645.0,13315.0
2017-07-28,543734.0,13326.0
2017-07-29,543786.0,13326.0
2017-07-30,543786.0,13326.0
2017-07-31,543141.0,13323.0
2017-08-01,544868.0,13318.0
2017-08-02,545151.0,13331.0
2017-08-03,543649.0,13330.0
2017-08-04,538713.0,13324.0
2017-08-05,539236.0,13324.0
2017-08-06,539236.0,13324.0
2017-08-07,538948.0,13319.0
2017-08-08,537788.0,13319.0
2017-08-09,544852.0,13324.0
2017-08-10,550541.0,13338.0
2017-08-11,553344.0,13370.0
2017-08-12,554084.0,13370.0
2017-08-13,554084.0,13370.0
2017-08-14,551372.0,13344.0
2017-08-15,546245.0,13344.0
2017-08-16,547026.0,13374.0
2017-08-17,553033.0,13374.0
2017-08-18,552638.0,13368.0
2017-08-19,552032.0,13368.0
2017-08-20,552032.0,13368.0
2017-08-21,554201.0,13355.0
2017-08-22,551870.0,13338.0
2017-08-23,552288.0,13342.0
2017-08-24,552824.0,13354.0
2017-08-25,554545.0,13348.0
2017-08-26,554073.0,13348.0
2017-08-27,554073.0,13348.0
2017-08-28,560391.0,13338.0
2017-08-29,563858.0,13348.0
2017-08-30,561137.0,13343.0
2017-08-31,565161.0,13351.0
2017-09-01,568067.0,13351.0
2017-09-02,568723.0,13351.0
2017-09-03,568723.0,13351.0
2017-09-04,572419.0,13345.0
2017-09-05,573440.0,13336.0
2017-09-06,573526.0,13337.0
2017-09-07,577163.0,13331.0
2017-09-08,575137.0,13284.0
2017-09-09,575056.0,13284.0
2017-09-10,575056.0,13284.0
2017-09-11,563778.0,13154.0
2017-09-12,562776.0,13186.0
2017-09-13,561502.0,13209.0
2017-09-14,563906.0,13239.0
2017-09-15,564067.0,13261.0
2017-09-16,562839.0,13261.0
2017-09-17,562839.0,13261.0
2017-09-18,555730.0,13238.0
2017-09-19,556586.0,13258.0
2017-09-20,560119.0,13270.0
2017-09-21,551898.0,13270.0
2017-09-22,554755.0,13325.0
2017-09-23,555668.0,13325.0
2017-09-24,555668.0,13325.0
2017-09-25,559710.0,13305.0
2017-09-26,555627.0,13348.0
2017-09-27,553296.0,13384.0
2017-09-28,557196.0,13464.0
2017-09-29,556897.0,13492.0
2017-09-30,554785.0,13492.0
2017-10-01,554785.0,13492.0
2017-10-02,553336.0,13499.0
2017-10-03,556005.0,13582.0
2017-10-04,552345.0,13489.0
2017-10-05,551744.0,13483.0
2017-10-06,552450.0,13485.0
2017-10-07,553430.0,13485.0
2017-10-08,553430.0,13485.0
2017-10-09,556498.0,13504.0
2017-10-10,559771.0,13491.0
2017-10-11,558359.0,13509.0
2017-10-12,562215.0,13521.0
2017-10-13,564819.0,13508.0
2017-10-14,566239.0,13508.0
2017-10-15,566239.0,13508.0
2017-10-16,565074.0,13483.0
2017-10-17,557582.0,13490.0
2017-10-18,556936.0,13514.0
2017-10-19,559733.0,13521.0
2017-10-20,556147.0,13517.0
2017-10-21,556569.0,13517.0
2017-10-22,556569.0,13517.0
2017-10-23,557762.0,13535.0
2017-10-24,555075.0,13529.0
2017-10-25,557822.0,13570.0
2017-10-26,553661.0,13560.0
2017-10-27,556901.0,13630.0
2017-10-28,558224.0,13630.0
2017-10-29,558224.0,13630.0
2017-10-30,558176.0,13580.0
2017-10-31,553872.0,13572.0
2017-11-01,558079.0,13592.0
2017-11-02,556346.0,13562.0
2017-11-03,550356.0,13500.0
2017-11-04,551259.0,13500.0
2017-11-05,551259.0,13500.0
2017-11-06,556280.0,13529.0
2017-11-07,553207.0,13504.0
2017-11-08,559418.0,13524.0
2017-11-09,558709.0,13514.0
2017-11-10,554455.0,13514.0
2017-11-11,554338.0,13514.0
2017-11-12,554338.0,13514.0
2017-11-13,557310.0,13555.0
2017-11-14,557441.0,13542.0
2017-11-15,555960.0,13539.0
2017-11-16,557090.0,13538.0
2017-11-17,560089.0,13517.0
2017-11-18,562414.0,13517.0
2017-11-19,562414.0,13517.0
2017-11-20,556737.0,13529.0
2017-11-21,558377.0,13544.0
2017-11-22,561298.0,13523.0
2017-11-23,560655.0,13503.0
2017-11-24,559590.0,13506.0
2017-11-25,559372.0,13506.0
2017-11-26,559372.0,13506.0
2017-11-27,563463.0,13511.0
2017-11-28,563700.0,13527.0
2017-11-29,558581.0,13515.0
2017-11-30,554833.0,13514.0
2017-12-01,558757.0,13514.0
2017-12-02,556393.0,13514.0
2017-12-03,556393.0,13514.0
2017-12-04,554332.0,13527.0
2017-12-05,548604.0,13515.0
2017-12-06,549365.0,13524.0
2017-12-07,546058.0,13552.0
2017-12-08,543975.0,13556.0
2017-12-09,544062.0,13556.0
2017-12-10,544062.0,13556.0
2017-12-11,542890.0,13546.0
2017-12-12,539108.0,13550.0
2017-12-13,544286.0,13589.0
2017-12-14,546552.0,13565.0
2017-12-15,547537.0,13573.0
2017-12-16,547799.0,13573.0
2017-12-17,547799.0,13573.0
2017-12-18,551610.0,13584.0
2017-12-19,550644.0,13587.0
2017-12-20,552250.0,13579.0
2017-12-21,551699.0,13545.0
2017-12-22,555275.0,13558.0
2017-12-23,556012.0,13558.0
2017-12-24,556012.0,13558.0
2017-12-25,555764.0,13558.0
2017-12-26,559246.0,13558.0
2017-12-27,561134.0,13562.0
2017-12-28,564338.0,13560.0
2017-12-29,567724.0,13548.0
2017-12-30,567454.0,13548.0
2017-12-31,567454.0,13548.0
2018-01-01,567498.0,13548.0
2018-01-02,571535.0,13542.0
2018-01-03,571440.0,13498.0
2018-01-04,571407.0,13474.0
2018-01-05,569020.0,13405.0
2018-01-06,568735.0,13405.0
2018-01-07,568735.0,13405.0
2018-01-08,567582.0,13397.0
2018-01-09,566305.0,13428.0
2018-01-10,569651.0,13449.0
2018-01-11,570739.0,13427.0
2018-01-12,571838.0,13362.0
2018-01-13,574687.0,13362.0
2018-01-14,574687.0,13362.0
2018-01-15,574673.0,13330.0
2018-01-16,572145.0,13333.0
2018-01-17,570893.0,13323.0
2018-01-18,571821.0,13365.0
2018-01-19,571720.0,13331.0
2018-01-20,570734.0,13331.0
2018-01-21,570734.0,13331.0
2018-01-22,571390.0,13334.0
2018-01-23,573184.0,13318.0
2018-01-24,579193.0,13321.0
2018-01-25,581225.0,13290.0
2018-01-26,578316.0,13303.0
2018-01-27,577534.0,13303.0
2018-01-28,577534.0,13303.0
2018-01-29,573400.0,13327.0
2018-01-30,577023.0,13398.0
2018-01-31,578592.0,13413.0
2018-02-01,554785.0,13492.0
2018-02-02,553336.0,13499.0
2018-02-03,556005.0,13582.0
2018-02-04,552345.0,13489.0
2018-02-05,551744.0,13483.0
2018-02-06,552450.0,13485.0
2018-02-07,553430.0,13485.0
2018-02-08,553430.0,13485.0
2018-02-09,556498.0,13504.0
2018-02-10,559771.0,13491.0
2018-02-11,558359.0,13509.0
2018-02-12,562215.0,13521.0
2018-02-13,564819.0,13508.0
2018-02-14,566239.0,13508.0
2018-02-15,566239.0,13508.0
2018-02-16,565074.0,13483.0
2018-02-17,557582.0,13490.0
2018-02-18,556936.0,13514.0
2018-02-19,559733.0,13521.0
2018-02-20,556147.0,13517.0
2018-02-21,556569.0,13517.0
2018-02-22,556569.0,13517.0
2018-02-23,557762.0,13535.0
2018-02-24,555075.0,13529.0
2018-02-25,557822.0,13570.0
2018-02-26,553661.0,13560.0
2018-02-27,556901.0,13630.0
2018-02-28,558224.0,13630.0
2018-03-01,581840.0,13793.0
2018-03-02,583300.0,13746.0
2018-03-03,584471.0,13746.0
2018-03-04,584471.0,13746.0
2018-03-05,583518.0,13740.0
2018-03-06,591078.0,13750.0
2018-03-07,585889.0,13763.0
2018-03-08,584665.0,13774.0
2018-03-09,586694.0,13794.0
2018-03-10,586933.0,13794.0
2018-03-11,586933.0,13794.0
2018-03-12,583685.0,13768.0
2018-03-13,586973.0,13757.0
2018-03-14,584947.0,13739.0
2018-03-15,581643.0,13748.0
2018-03-16,581416.0,13765.0
2018-03-17,581495.0,13765.0
2018-03-18,581495.0,13765.0
2018-03-19,583487.0,13765.0
2018-03-20,580118.0,13761.0
2018-03-21,586002.0,13759.0
2018-03-22,585917.0,13737.0
2018-03-23,597959.0,13780.0
2018-03-24,596842.0,13780.0
2018-03-25,596842.0,13780.0
2018-03-26,599982.0,13776.0
2018-03-27,592745.0,13708.0
2018-03-28,586921.0,13745.0
2018-03-29,584972.0,13756.0
2018-03-30,586223.0,13756.0
2018-03-31,586223.0,13756.0
2018-04-01,586223.0,13756.0
2018-04-02,591763.0,13750.0
2018-04-03,590103.0,13765.0
2018-04-04,591238.0,13760.0
2018-04-05,586718.0,13767.0
2018-04-06,589488.0,13771.0
2018-04-07,590280.0,13771.0
2018-04-08,590280.0,13771.0
2018-04-09,591613.0,13771.0
2018-04-10,593340.0,13771.0
2018-04-11,600747.0,13747.0
2018-04-12,591809.0,13763.0
2018-04-13,595403.0,13753.0
2018-04-14,594833.0,13753.0
2018-04-15,594833.0,13753.0
2018-04-16,596997.0,13766.0
2018-04-17,595652.0,13770.0
2018-04-18,598432.0,13770.0
2018-04-19,596073.0,13778.0
2018-04-20,593475.0,13804.0
2018-04-21,592840.0,13804.0
2018-04-22,592840.0,13804.0
2018-04-23,591206.0,13894.0
2018-04-24,594965.0,13900.0
2018-04-25,590326.0,13888.0
2018-04-26,590033.0,13930.0
2018-04-27,590006.0,13879.0
2018-04-28,590662.0,13879.0
2018-04-29,590662.0,13879.0
2018-04-30,587391.0,13877.0
2018-05-01,583103.0,13877.0
2018-05-02,584919.0,13936.0
2018-05-03,589244.0,13965.0
2018-05-04,588517.0,13943.0
2018-05-05,589409.0,13943.0
2018-05-06,589409.0,13943.0
2018-05-07,589663.0,13956.0
2018-05-08,592614.0,14036.0
2018-05-09,593789.0,14074.0
2018-05-10,597065.0,14074.0
2018-05-11,596747.0,14048.0
2018-05-12,595483.0,14048.0
2018-05-13,595483.0,14048.0
2018-05-14,592768.0,13976.0
2018-05-15,582428.0,14020.0
2018-05-16,584990.0,14094.0
2018-05-17,584431.0,14074.0
2018-05-18,586128.0,14107.0
2018-05-19,586572.0,14107.0
2018-05-20,586572.0,14107.0
2018-05-21,587687.0,14176.0
2018-05-22,589944.0,14178.0
2018-05-23,589208.0,14192.0
2018-05-24,596032.0,14205.0
2018-05-25,594131.0,14166.0
2018-05-26,592783.0,14166.0
2018-05-27,592783.0,14166.0
2018-05-28,587033.0,14065.0
2018-05-29,588620.0,14065.0
2018-05-30,587140.0,14032.0
2018-05-31,583966.0,13951.0
2018-06-01,581387.0,13951.0
2018-06-02,579992.0,13951.0
2018-06-03,579992.0,13951.0
2018-06-04,577073.0,13872.0
2018-06-05,579742.0,13887.0
2018-06-06,579669.0,13875.0
2018-06-07,578588.0,13868.0
2018-06-08,580346.0,13902.0
2018-06-09,580475.0,13902.0
2018-06-10,580475.0,13902.0
2018-06-11,581253.0,13902.0
2018-06-12,579751.0,13902.0
2018-06-13,580198.0,13902.0
2018-06-14,582768.0,13902.0
2018-06-15,571022.0,13902.0
2018-06-16,572149.0,13902.0
2018-06-17,572149.0,13902.0
2018-06-18,571335.0,13902.0
2018-06-19,570200.0,13902.0
2018-06-20,568832.0,13902.0
2018-06-21,574817.0,14090.0
2018-06-22,575461.0,14102.0
2018-06-23,575542.0,14102.0
2018-06-24,575542.0,14102.0
2018-06-25,574250.0,14105.0
2018-06-26,573724.0,14163.0
2018-06-27,571083.0,14163.0
2018-06-28,573648.0,14271.0
2018-06-29,580583.0,14404.0
2018-06-30,580203.0,14404.0
2018-07-01,580203.0,14404.0
2018-07-02,572453.0,14331.0
2018-07-03,580916.0,14418.0
2018-07-04,580029.0,14343.0
2018-07-05,581674.0,14387.0
2018-07-06,581642.0,14409.0
2018-07-07,581387.0,14409.0
2018-07-08,581387.0,14409.0
2018-07-09,580307.0,14332.0
2018-07-10,578061.0,14326.0
2018-07-11,576594.0,14391.0
2018-07-12,578793.0,14435.0
2018-07-13,573323.0,14358.0
2018-07-14,573106.0,14358.0
2018-07-15,573106.0,14358.0
2018-07-16,573461.0,14396.0
2018-07-17,568307.0,14391.0
2018-07-18,568093.0,14406.0
2018-07-19,564293.0,14418.0
2018-07-20,574111.0,14520.0
2018-07-21,575063.0,14520.0
2018-07-22,575063.0,14520.0
2018-07-23,568736.0,14454.0
2018-07-24,572800.0,14541.0
2018-07-25,573605.0,14515.0
2018-07-26,569826.0,14443.0
2018-07-27,571069.0,14483.0
2018-07-28,569412.0,14483.0
2018-07-29,569412.0,14483.0
2018-07-30,566669.0,14409.0
2018-07-31,568406.0,14413.0
2018-08-01,565692.0,14442.0
2018-08-02,563800.0,14446.0
2018-08-03,566957.0,14503.0
2018-08-04,565834.0,14503.0
2018-08-05,565834.0,14503.0
2018-08-06,563234.0,14481.0
2018-08-07,564288.0,14485.0
2018-08-08,561521.0,14439.0
2018-08-09,562506.0,14422.0
2018-08-10,562121.0,14437.0
2018-08-11,562219.0,14437.0
2018-08-12,562219.0,14437.0
2018-08-13,559151.0,14583.0
2018-08-14,561396.0,14625.0
2018-08-15,553486.0,14621.0
2018-08-16,553251.0,14619.0
2018-08-17,553608.0,14619.0
2018-08-18,556814.0,14619.0
2018-08-19,556814.0,14619.0
2018-08-20,557675.0,14578.0
2018-08-21,558389.0,14568.0
2018-08-22,559901.0,14568.0
2018-08-23,558487.0,14620.0
2018-08-24,568032.0,14655.0
2018-08-25,568272.0,14655.0
2018-08-26,568272.0,14655.0
2018-08-27,568317.0,14610.0
2018-08-28,567425.0,14614.0
2018-08-29,567835.0,14643.0
2018-08-30,565120.0,14655.0
2018-08-31,567582.0,14711.0
2018-09-01,568089.0,14711.0
2018-09-02,568089.0,14711.0
2018-09-03,570365.0,14767.0
2018-09-04,569473.0,14840.0
2018-09-05,573915.0,14927.0
2018-09-06,573996.0,14891.0
2018-09-07,572386.0,14884.0
2018-09-08,572295.0,14884.0
2018-09-09,572295.0,14884.0
2018-09-10,570726.0,14835.0
2018-09-11,570325.0,14835.0
2018-09-12,575378.0,14863.0
2018-09-13,572507.0,14794.0
2018-09-14,570049.0,14835.0
2018-09-15,569295.0,14835.0
2018-09-16,569295.0,14835.0
2018-09-17,574530.0,14859.0
2018-09-18,574579.0,14908.0
2018-09-19,576756.0,14896.0
2018-09-20,575131.0,14839.0
2018-09-21,570512.0,14824.0
2018-09-22,571795.0,14824.0
2018-09-23,571795.0,14824.0
2018-09-24,573873.0,14865.0
2018-09-25,574930.0,14893.0
2018-09-26,574338.0,14938.0
2018-09-27,568034.0,14919.0
2018-09-28,572182.0,14929.0
2018-09-29,572192.0,14929.0
2018-09-30,572192.0,14929.0
2018-10-01,569782.0,14905.0
2018-10-02,580289.0,14988.0
2018-10-03,581454.0,15088.0
2018-10-04,583008.0,15133.0
2018-10-05,586443.0,15182.0
2018-10-06,587151.0,15182.0
2018-10-07,587151.0,15182.0
2018-10-08,579580.0,15193.0
2018-10-09,581816.0,15233.0
2018-10-10,581985.0,15215.0
2018-10-11,598317.0,15253.0
2018-10-12,596017.0,15194.0
2018-10-13,595045.0,15194.0
2018-10-14,595045.0,15194.0
2018-10-15,601213.0,15246.0
2018-10-16,600677.0,15206.0
2018-10-17,597683.0,15178.0
2018-10-18,599517.0,15187.0
2018-10-19,600600.0,15221.0
2018-10-20,600198.0,15221.0
2018-10-21,600198.0,15221.0
2018-10-22,597018.0,15192.0
2018-10-23,601998.0,15208.0
2018-10-24,599832.0,15193.0
2018-10-25,601598.0,15210.0
2018-10-26,602717.0,15207.0
2018-10-27,603181.0,15207.0
2018-10-28,603181.0,15207.0
2018-10-29,600251.0,15218.0
2018-10-30,599423.0,15237.0
2018-10-31,594722.0,15227.0
2018-11-01,602700.0,15195.0
2018-11-02,597952.0,15089.0
2018-11-03,598171.0,15089.0
2018-11-04,598171.0,15089.0
2018-11-05,591987.0,14972.0
2018-11-06,586827.0,14891.0
2018-11-07,582562.0,14764.0
2018-11-08,576808.0,14651.0
2018-11-09,568439.0,14632.0
2018-11-10,569055.0,14632.0
2018-11-11,569055.0,14632.0
2018-11-12,570816.0,14747.0
2018-11-13,576391.0,14895.0
2018-11-14,570926.0,14755.0
2018-11-15,576292.0,14764.0
2018-11-16,573020.0,14594.0
2018-11-17,573044.0,14594.0
2018-11-18,573044.0,14594.0
2018-11-19,573330.0,14586.0
2018-11-20,573991.0,14586.0
2018-11-21,576585.0,14618.0
2018-11-22,576062.0,14592.0
2018-11-23,571947.0,14552.0
2018-11-24,572269.0,14552.0
2018-11-25,572269.0,14552.0
2018-11-26,571912.0,14551.0
2018-11-27,565597.0,14504.0
2018-11-28,567213.0,14535.0
2018-11-29,568228.0,14408.0
2018-11-30,564331.0,14339.0
2018-12-01,563506.0,14339.0
2018-12-02,563506.0,14339.0
2018-12-03,565379.0,14252.0
2018-12-04,569221.0,14293.0
2018-12-05,572366.0,14383.0
2018-12-06,579021.0,14507.0
2018-12-07,582322.0,14539.0
2018-12-08,583673.0,14539.0
2018-12-09,583673.0,14539.0
2018-12-10,581376.0,14517.0
2018-12-11,584116.0,14613.0
2018-12-12,583643.0,14577.0
2018-12-13,580810.0,14536.0
2018-12-14,579548.0,14538.0
2018-12-15,578917.0,14538.0
2018-12-16,578917.0,14538.0
2018-12-17,584159.0,14617.0
2018-12-18,582924.0,14523.0
2018-12-19,580434.0,14380.0
2018-12-20,587195.0,14499.0
2018-12-21,585574.0,14480.0
2018-12-22,584615.0,14480.0
2018-12-23,584615.0,14480.0
2018-12-24,590313.0,14480.0
2018-12-25,590825.0,14480.0
2018-12-26,599634.0,14602.0
2018-12-27,597058.0,14563.0
2018-12-28,598213.0,14542.0
2018-12-29,598834.0,14542.0
2018-12-30,598834.0,14542.0
2018-12-31,596853.0,14481.0
2019-01-01,597263.0,14481.0
2019-01-02,597566.0,14465.0
2019-01-03,599827.0,14474.0
2019-01-04,593096.0,14350.0
2019-01-05,592833.0,14350.0
2019-01-06,592833.0,14350.0
2019-01-07,594033.0,14350.0
2019-01-08,579555.0,14031.0
2019-01-09,585038.0,14120.0
2019-01-10,584024.0,14093.0
2019-01-11,583677.0,14076.0
2019-01-12,582677.0,14076.0
2019-01-13,582677.0,14076.0
2019-01-14,582980.0,14052.0
2019-01-15,583230.0,14084.0
2019-01-16,589200.0,14154.0
2019-01-17,587801.0,14158.0
2019-01-18,584844.0,14182.0
2019-01-19,584343.0,14182.0
2019-01-20,584343.0,14182.0
2019-01-21,583783.0,14212.0
2019-01-22,586695.0,14221.0
2019-01-23,586332.0,14188.0
2019-01-24,582967.0,14141.0
2019-01-25,591465.0,14163.0
2019-01-26,593254.0,14163.0
2019-01-27,593254.0,14163.0
2019-01-28,588032.0,14038.0
2019-01-29,593623.0,14098.0
2019-01-30,595070.0,14112.0
2019-01-31,597627.0,14072.0
2019-02-01,569782.0,14905.0
2019-02-02,580289.0,14988.0
2019-02-03,581454.0,15088.0
2019-02-04,583008.0,15133.0
2019-02-05,586443.0,15182.0
2019-02-06,587151.0,15182.0
2019-02-07,587151.0,15182.0
2019-02-08,579580.0,15193.0
2019-02-09,581816.0,15233.0
2019-02-10,581985.0,15215.0
2019-02-11,598317.0,15253.0
2019-02-12,596017.0,15194.0
2019-02-13,595045.0,15194.0
2019-02-14,595045.0,15194.0
2019-02-15,601213.0,15246.0
2019-02-16,600677.0,15206.0
2019-02-17,597683.0,15178.0
2019-02-18,599517.0,15187.0
2019-02-19,600600.0,15221.0
2019-02-20,600198.0,15221.0
2019-02-21,600198.0,15221.0
2019-02-22,597018.0,15192.0
2019-02-23,601998.0,15208.0
2019-02-24,599832.0,15193.0
2019-02-25,601598.0,15210.0
2019-02-26,602717.0,15207.0
2019-02-27,603181.0,15207.0
2019-02-28,603181.0,15207.0
2019-03-01,590686.0,14111.0
2019-03-02,586907.0,14111.0
2019-03-03,586907.0,14111.0
2019-03-04,586408.0,14149.0
2019-03-05,583878.0,14146.0
2019-03-06,584548.0,14129.0
2019-03-07,583762.0,14129.0
2019-03-08,594057.0,14223.0
2019-03-09,593710.0,14223.0
2019-03-10,593710.0,14223.0
2019-03-11,594748.0,14324.0
2019-03-12,594713.0,14251.0
2019-03-13,600052.0,14269.0
2019-03-14,593468.0,14253.0
2019-03-15,599237.0,14310.0
2019-03-16,599094.0,14310.0
2019-03-17,599094.0,14310.0
2019-03-18,596650.0,14242.0
2019-03-19,597509.0,14228.0
2019-03-20,595498.0,14231.0
2019-03-21,591964.0,14102.0
2019-03-22,597299.0,14157.0
2019-03-23,597800.0,14157.0
2019-03-24,597800.0,14157.0
2019-03-25,604447.0,14223.0
2019-03-26,599553.0,14171.0
2019-03-27,599125.0,14202.0
2019-03-28,591448.0,14255.0
2019-03-29,593322.0,14244.0
2019-03-30,591738.0,14244.0
2019-03-31,591738.0,14244.0
2019-04-01,590072.0,14231.0
2019-04-02,590357.0,14237.0
2019-04-03,590948.0,14237.0
2019-04-04,587666.0,14182.0
2019-04-05,588119.0,14158.0
2019-04-06,587865.0,14158.0
2019-04-07,587865.0,14158.0
2019-04-08,590090.0,14145.0
2019-04-09,593374.0,14150.0
2019-04-10,596096.0,14155.0
2019-04-11,588510.0,14156.0
2019-04-12,587725.0,14153.0
2019-04-13,587216.0,14153.0
2019-04-14,587216.0,14153.0
2019-04-15,583145.0,14067.0
2019-04-16,576203.0,14066.0
2019-04-17,575968.0,14066.0
2019-04-18,573907.0,14016.0
2019-04-19,574849.0,14016.0
2019-04-20,574849.0,14016.0
2019-04-21,574849.0,14016.0
2019-04-22,576015.0,14056.0
2019-04-23,576179.0,14080.0
2019-04-24,578836.0,14112.0
2019-04-25,581405.0,14154.0
2019-04-26,587573.0,14188.0
2019-04-27,586661.0,14188.0
2019-04-28,586661.0,14188.0
2019-04-29,583481.0,14188.0
2019-04-30,586653.0,14215.0
2019-05-01,585268.0,14215.0
2019-05-02,582074.0,14245.0
2019-05-03,588123.0,14282.0
2019-05-04,587251.0,14282.0
2019-05-05,587251.0,14282.0
2019-05-06,589493.0,14308.0
2019-05-07,590831.0,14309.0
2019-05-08,588877.0,14305.0
2019-05-09,591909.0,14338.0
2019-05-10,593946.0,14347.0
2019-05-11,593069.0,14347.0
2019-05-12,593069.0,14347.0
2019-05-13,600421.0,14362.0
2019-05-14,601797.0,14444.0
2019-05-15,602832.0,14448.0
2019-05-16,597741.0,14458.0
2019-05-17,593521.0,14469.0
2019-05-18,594409.0,14469.0
2019-05-19,594409.0,14469.0
2019-05-20,594127.0,14478.0
2019-05-21,592248.0,14462.0
2019-05-22,593713.0,14488.0
2019-05-23,599978.0,14513.0
2019-05-24,596750.0,14451.0
2019-05-25,597024.0,14451.0
2019-05-26,597024.0,14451.0
2019-05-27,593371.0,14360.0
2019-05-28,590883.0,14380.0
2019-05-29,594215.0,14417.0
2019-05-30,596510.0,14417.0
2019-05-31,603330.0,14385.0
2019-06-01,603779.0,14385.0
2019-06-02,603779.0,14385.0
2019-06-03,610795.0,14385.0
2019-06-04,612053.0,14385.0
2019-06-05,614411.0,14385.0
2019-06-06,619554.0,14385.0
2019-06-07,621016.0,14385.0
2019-06-08,620007.0,14385.0
2019-06-09,620007.0,14385.0
2019-06-10,607340.0,14231.0
2019-06-11,608955.0,14258.0
2019-06-12,609943.0,14234.0
2019-06-13,614578.0,14270.0
2019-06-14,619529.0,14304.0
2019-06-15,616958.0,14304.0
2019-06-16,616958.0,14304.0
2019-06-17,618119.0,14346.0
2019-06-18,620851.0,14334.0
2019-06-19,617686.0,14271.0
2019-06-20,634910.0,14236.0
2019-06-21,632834.0,14116.0
2019-06-22,635063.0,14116.0
2019-06-23,635063.0,14116.0
2019-06-24,644208.0,14165.0
2019-06-25,647784.0,14138.0
2019-06-26,644708.0,14174.0
2019-06-27,641895.0,14180.0
2019-06-28,640802.0,14141.0
2019-06-29,640775.0,14141.0
2019-06-30,640775.0,14141.0
2019-07-01,629729.0,14117.0
2019-07-02,638902.0,14140.0
2019-07-03,644986.0,14160.0
2019-07-04,641987.0,14106.0
2019-07-05,636184.0,14148.0
2019-07-06,636430.0,14148.0
2019-07-07,636430.0,14148.0
2019-07-08,635325.0,14147.0
2019-07-09,634644.0,14129.0
2019-07-10,642511.0,14152.0
2019-07-11,638985.0,14089.0
2019-07-12,638971.0,14085.0
2019-07-13,640932.0,14085.0
2019-07-14,640932.0,14085.0
2019-07-15,634621.0,13970.0
2019-07-16,630472.0,13925.0
2019-07-17,637824.0,13949.0
2019-07-18,640964.0,13976.0
2019-07-19,638092.0,13913.0
2019-07-20,637506.0,13913.0
2019-07-21,637506.0,13913.0
2019-07-22,640018.0,13963.0
2019-07-23,637529.0,13973.0
2019-07-24,640799.0,14011.0
2019-07-25,635838.0,13986.0
2019-07-26,638797.0,14001.0
2019-07-27,638455.0,14001.0
2019-07-28,638455.0,14001.0
2019-07-29,639816.0,14010.0
2019-07-30,644648.0,14034.0
2019-07-31,642161.0,14026.0
2019-08-01,643354.0,14098.0
2019-08-02,660621.0,14203.0
2019-08-03,657854.0,14203.0
2019-08-04,657854.0,14203.0
2019-08-05,670557.0,14231.0
2019-08-06,678506.0,14344.0
2019-08-07,691058.0,14275.0
2019-08-08,684613.0,14231.0
2019-08-09,683976.0,14195.0
2019-08-10,683360.0,14195.0
2019-08-11,683360.0,14195.0
2019-08-12,688532.0,14220.0
2019-08-13,689750.0,14283.0
2019-08-14,696706.0,14234.0
2019-08-15,698955.0,14296.0
2019-08-16,693700.0,14258.0
2019-08-17,693838.0,14258.0
2019-08-18,693838.0,14258.0
2019-08-19,685860.0,14203.0
2019-08-20,690016.0,14262.0
2019-08-21,690324.0,14259.0
2019-08-22,685933.0,14234.0
2019-08-23,699456.0,14249.0
2019-08-24,699406.0,14249.0
2019-08-25,699406.0,14249.0
2019-08-26,701068.0,14261.0
2019-08-27,705940.0,14235.0
2019-08-28,704899.0,14263.0
2019-08-29,700316.0,14254.0
2019-08-30,697604.0,14237.0
2019-08-31,695965.0,14237.0
2019-09-01,695965.0,14237.0
2019-09-02,697947.0,14190.0
2019-09-03,706241.0,14217.0
2019-09-04,707342.0,14218.0
2019-09-05,690744.0,14153.0
2019-09-06,688782.0,14140.0
2019-09-07,684754.0,14140.0
2019-09-08,684754.0,14140.0
2019-09-09,681161.0,14092.0
2019-09-10,672650.0,14031.0
2019-09-11,675401.0,14063.0
2019-09-12,676838.0,14052.0
2019-09-13,668592.0,13950.0
2019-09-14,667641.0,13950.0
2019-09-15,667641.0,13950.0
2019-09-16,677514.0,14020.0
2019-09-17,682708.0,14100.0
2019-09-18,682890.0,14080.0
2019-09-19,679514.0,14099.0
2019-09-20,680827.0,14085.0
2019-09-21,686827.0,14085.0
2019-09-22,686827.0,14085.0
2019-09-23,689334.0,14077.0
2019-09-24,695833.0,14099.0
2019-09-25,684286.0,14134.0
2019-09-26,686257.0,14162.0
2019-09-27,684844.0,14197.0
2019-09-28,683347.0,14197.0
2019-09-29,683347.0,14197.0
2019-09-30,670114.0,14174.0
2019-10-01,676900.0,14196.0
2019-10-02,685418.0,14207.0
2019-10-03,688503.0,14193.0
2019-10-04,685162.0,14135.0
2019-10-05,683726.0,14135.0
2019-10-06,683726.0,14135.0
2019-10-07,682389.0,14156.0
2019-10-08,683369.0,14170.0
2019-10-09,686464.0,14182.0
2019-10-10,680648.0,14157.0
2019-10-11,674846.0,14139.0
2019-10-12,676837.0,14139.0
2019-10-13,676837.0,14139.0
2019-10-14,678086.0,14126.0
2019-10-15,673116.0,14140.0
2019-10-16,679085.0,14187.0
2019-10-17,681510.0,14172.0
2019-10-18,678271.0,14140.0
2019-10-19,677458.0,14140.0
2019-10-20,677458.0,14140.0
2019-10-21,674784.0,14132.0
2019-10-22,670840.0,14058.0
2019-10-23,674093.0,14051.0
2019-10-24,675346.0,13996.0
2019-10-25,679532.0,14064.0
2019-10-26,680251.0,14064.0
2019-10-27,680251.0,14064.0
2019-10-28,672984.0,14023.0
2019-10-29,671550.0,14028.0
2019-10-30,674515.0,14044.0
2019-10-31,680816.0,14008.0
2019-11-01,683251.0,14066.0
2019-11-02,684730.0,14066.0
2019-11-03,684730.0,14066.0
2019-11-04,678629.0,14002.0
2019-11-05,668474.0,14031.01
2019-11-06,671563.0,13992.0
2019-11-07,660650.0,14040.0
2019-11-08,660133.0,14020.0
2019-11-09,657604.0,14020.0
2019-11-10,657604.0,14020.0
2019-11-11,656786.0,14040.0
2019-11-12,657075.0,14059.01
2019-11-13,662187.0,14082.0
2019-11-14,667894.0,14098.0
2019-11-15,662979.0,14069.01
2019-11-16,664019.0,14069.01
2019-11-17,664019.0,14069.01
2019-11-18,665922.0,14075.01
2019-11-19,667015.0,14091.01
2019-11-20,665014.0,14097.01
2019-11-21,666520.0,14112.0
2019-11-22,663469.0,14100.0
2019-11-23,662925.0,14100.0
2019-11-24,662925.0,14100.0
2019-11-25,660319.0,14091.01
2019-11-26,660745.0,14091.01
2019-11-27,659415.0,14096.0
2019-11-28,659492.0,14099.01
2019-11-29,663813.0,14102.0
2019-11-30,663745.0,14102.0
2019-12-01,663745.0,14102.0
2019-12-02,664327.0,14122.0
2019-12-03,672495.0,14130.0
2019-12-04,668847.0,14125.01
2019-12-05,670215.0,14094.0
2019-12-06,659084.0,14037.01
2019-12-07,658953.0,14037.01
2019-12-08,658953.0,14037.01
2019-12-09,658788.0,14021.01
2019-12-10,659213.0,14004.0
2019-12-11,663367.0,14025.01
2019-12-12,662609.0,14042.0
2019-12-13,663698.0,13982.0
2019-12-14,663347.0,13982.0
2019-12-15,663347.0,13982.0
2019-12-16,664026.0,14004.0
2019-12-17,665465.0,14018.0
2019-12-18,664376.0,14007.01
2019-12-19,664622.0,13983.01
2019-12-20,664558.0,13993.01
2019-12-21,664999.0,13993.01
2019-12-22,664999.0,13993.01
2019-12-23,666366.0,13978.0
2019-12-24,673565.0,13978.0
2019-12-25,673264.0,13978.0
2019-12-26,677916.0,13982.0
2019-12-27,679222.0,13956.0
2019-12-28,678015.0,13956.0
2019-12-29,678015.0,13956.0
2019-12-30,679476.0,13945.01
2019-12-31,680255.0,13901.01
2020-01-01,678097.0,13901.01
2020-01-02,681771.0,13895.01
2020-01-03,692187.0,13899.01
2020-01-04,693639.0,13899.01
2020-01-05,693639.0,13899.01
2020-01-06,702165.0,13961.01
2020-01-07,703163.0,13919.01
2020-01-08,696981.0,13934.0
2020-01-09,690543.0,13860.0
2020-01-10,692623.0,13812.0
2020-01-11,693653.0,13812.0
2020-01-12,693653.0,13812.0
2020-01-13,683618.0,13708.0
2020-01-14,677312.0,13654.0
2020-01-15,683976.0,13706.0
2020-01-16,680795.0,13658.0
2020-01-17,683666.0,13648.0
2020-01-18,683333.0,13648.0
2020-01-19,683333.0,13648.0
2020-01-20,685152.0,13654.0
2020-01-21,684027.0,13658.0
2020-01-22,684158.0,13678.0
2020-01-23,685285.0,13626.0
2020-01-24,689102.0,13632.0
2020-01-25,688782.0,13632.0
2020-01-26,688782.0,13632.0
2020-01-27,692681.0,13612.0
2020-01-28,688329.0,13647.01
2020-01-29,688572.0,13634.0
2020-01-30,693892.0,13652.0
2020-01-31,695397.0,13662.0
2020-02-01,676900.0,14196.0
2020-02-02,685418.0,14207.0
2020-02-03,688503.0,14193.0
2020-02-04,685162.0,14135.0
2020-02-05,683726.0,14135.0
2020-02-06,683726.0,14135.0
2020-02-07,682389.0,14156.0
2020-02-08,683369.0,14170.0
2020-02-09,686464.0,14182.0
2020-02-10,680648.0,14157.0
2020-02-11,674846.0,14139.0
2020-02-12,676837.0,14139.0
2020-02-13,676837.0,14139.0
2020-02-14,678086.0,14126.0
2020-02-15,673116.0,14140.0
2020-02-16,679085.0,14187.0
2020-02-17,681510.0,14172.0
2020-02-18,678271.0,14140.0
2020-02-19,677458.0,14140.0
2020-02-20,677458.0,14140.0
2020-02-21,674784.0,14132.0
2020-02-22,670840.0,14058.0
2020-02-23,674093.0,14051.0
2020-02-24,675346.0,13996.0
2020-02-25,679532.0,14064.0
2020-02-26,680251.0,14064.0
2020-02-27,680251.0,14064.0
2020-02-28,672984.0,14023.0
2020-02-29,671550.0,14028.0
2020-03-01,726018.0,14234.0
2020-03-02,739092.0,14413.01
2020-03-03,750559.0,14222.0
2020-03-04,747777.0,14171.01
2020-03-05,757530.0,14168.0
2020-03-06,763860.0,14267.01
2020-03-07,768094.0,14267.01
2020-03-08,768094.0,14267.01
2020-03-09,770725.0,14342.0
2020-03-10,765825.0,14411.01
2020-03-11,757050.0,14323.01
2020-03-12,739378.0,14490.0
2020-03-13,725192.0,14815.01
2020-03-14,728422.0,14815.01
2020-03-15,728422.0,14815.01
2020-03-16,718321.0,14818.0
2020-03-17,741487.0,15083.01
2020-03-18,727995.0,15223.01
2020-03-19,744610.0,15712.0
2020-03-20,778338.0,16273.01
2020-03-21,783942.0,16273.01
2020-03-22,783942.0,16273.01
2020-03-23,828049.0,16608.0
2020-03-24,860515.0,16486.0
2020-03-25,856005.0,16486.0
2020-03-26,860011.0,16328.0
2020-03-27,849439.0,16230.0
2020-03-28,849272.0,16230.0
2020-03-29,849272.0,16230.0
2020-03-30,850911.0,16336.0
2020-03-31,841428.0,16367.01
2020-04-01,836073.0,16413.01
2020-04-02,867782.0,16741.01
2020-04-03,856779.0,16464.0
2020-04-04,856525.0,16464.0
2020-04-05,856525.0,16464.0
2020-04-06,879196.0,16556.0
2020-04-07,871917.0,16410.0
2020-04-08,861850.0,16245.01
2020-04-09,879491.0,16241.01
2020-04-10,880660.0,16241.01
2020-04-11,881814.0,16241.01
2020-04-12,881814.0,16241.01
2020-04-13,872875.0,15840.0
2020-04-14,876184.0,15722.0
2020-04-15,866152.0,15707.01
2020-04-16,868970.0,15787.01
2020-04-17,841086.0,15503.01
2020-04-18,839736.0,15503.01
2020-04-19,839736.0,15503.01
2020-04-20,846829.0,15543.01
2020-04-21,842858.0,15643.01
2020-04-22,856831.0,15567.01
2020-04-23,868112.0,15630.0
2020-04-24,859595.0,15553.01
2020-04-25,864596.0,15553.01
2020-04-26,864596.0,15553.01
2020-04-27,858432.0,15591.01
2020-04-28,849484.0,15488.0
2020-04-29,842978.0,15415.01
2020-04-30,822354.0,15157.01
2020-05-01,827032.0,15157.01
2020-05-02,828621.0,15157.01
2020-05-03,828621.0,15157.01
2020-05-04,826364.0,15073.01
2020-05-05,826791.0,15104.0
2020-05-06,820249.0,15127.01
2020-05-07,834018.0,15127.01
2020-05-08,825307.0,15009.01
2020-05-09,821408.0,15009.01
2020-05-10,821408.0,15009.01
2020-05-11,814901.0,14936.0
2020-05-12,819845.0,14978.0
2020-05-13,819603.0,14887.01
2020-05-14,833202.0,14946.0
2020-05-15,838377.0,14909.01
2020-05-16,835161.0,14909.01
2020-05-17,835161.0,14909.01
2020-05-18,828155.0,14885.01
2020-05-19,830167.0,14823.01
2020-05-20,831020.0,14785.01
2020-05-21,820134.0,14785.01
2020-05-22,825002.0,14785.01
2020-05-23,824945.0,14785.01
2020-05-24,824945.0,14785.01
2020-05-25,821265.0,14785.01
2020-05-26,813424.0,14774.0
2020-05-27,810327.0,14761.01
2020-05-28,816853.0,14769.01
2020-05-29,821977.0,14733.01
2020-05-30,819424.0,14733.01
2020-05-31,819424.0,14733.01
2020-06-01,823829.0,14733.01
2020-06-02,804295.0,14502.0
2020-06-03,778391.0,14245.01
2020-06-04,782245.0,14165.01
2020-06-05,762824.0,14100.0
2020-06-06,763337.0,14100.0
2020-06-07,763337.0,14100.0
2020-06-08,761827.0,13956.0
2020-06-09,770757.0,13973.01
2020-06-10,776915.0,14083.01
2020-06-11,778204.0,14014.0
2020-06-12,794526.0,14257.01
2020-06-13,793105.0,14257.01
2020-06-14,793105.0,14257.01
2020-06-15,787425.0,14228.0
2020-06-16,786921.0,14155.01
2020-06-17,790297.0,14234.0
2020-06-18,786213.0,14186.0
2020-06-19,797802.0,14242.0
2020-06-20,798324.0,14242.0
2020-06-21,798324.0,14242.0
2020-06-22,801883.0,14209.01
2020-06-23,809832.0,14265.01
2020-06-24,804048.0,14160.0
2020-06-25,807078.0,14231.01
2020-06-26,809322.0,14239.01
2020-06-27,810860.0,14239.01
2020-06-28,810860.0,14239.01
2020-06-29,816826.0,14369.01
2020-06-30,819381.0,14302.0
2020-07-01,816078.0,14341.01
2020-07-02,829032.0,14516.0
2020-07-03,831480.0,14566.0
2020-07-04,831387.0,14566.0
2020-07-05,831387.0,14566.0
2020-07-06,834166.0,14547.01
2020-07-07,834566.0,14456.0
2020-07-08,842682.0,14460.0
2020-07-09,835461.0,14446.0
2020-07-10,836680.0,14501.01
2020-07-11,838825.0,14501.01
2020-07-12,838825.0,14501.01
2020-07-13,843033.0,14486.0
2020-07-14,844070.0,14512.0
2020-07-15,851825.0,14616.0
2020-07-16,848227.0,14632.0
2020-07-17,859406.0,14780.0
2020-07-18,860095.0,14780.0
2020-07-19,860095.0,14780.0
2020-07-20,865839.0,14832.0
2020-07-21,876299.0,14813.01
2020-07-22,878618.0,14655.01
2020-07-23,893323.0,14669.01
2020-07-24,892792.0,14614.0
2020-07-25,893469.0,14614.0
2020-07-26,893469.0,14614.0
2020-07-27,908617.0,14605.01
2020-07-28,910688.0,14543.01
2020-07-29,918145.0,14570.0
2020-07-30,917864.0,14653.01
2020-07-31,930103.0,14653.01
2020-08-01,930758.0,14653.01
2020-08-02,930758.0,14653.01
2020-08-03,931589.0,14713.01
2020-08-04,943220.0,14697.01
2020-08-05,955805.0,14623.01
2020-08-06,965726.0,14587.01
2020-08-07,954125.0,14647.01
2020-08-08,958405.0,14647.01
2020-08-09,958405.0,14647.01
2020-08-10,964253.0,14750.0
2020-08-11,920871.0,14728.0
2020-08-12,925797.0,14777.01
2020-08-13,934047.0,14877.01
2020-08-14,928449.0,14917.01
2020-08-15,932458.0,14917.01
2020-08-16,932458.0,14917.01
2020-08-17,953268.0,14917.01
2020-08-18,962507.0,14907.01
2020-08-19,932426.0,14786.0
2020-08-20,923637.0,14786.0
2020-08-21,920171.0,14786.0
2020-08-22,922667.0,14786.0
2020-08-23,922667.0,14786.0
2020-08-24,918134.0,14794.0
2020-08-25,901574.0,14632.0
2020-08-26,915264.0,14636.0
2020-08-27,908717.0,14714.0
2020-08-28,930613.0,14702.0
2020-08-29,928708.0,14702.0
2020-08-30,928708.0,14702.0
2020-08-31,921937.0,14554.0
2020-09-01,928527.0,14615.01
2020-09-02,920920.0,14804.0
2020-09-03,918790.0,14818.0
2020-09-04,921714.0,14792.0
2020-09-05,919532.0,14792.0
2020-09-06,919532.0,14792.0
2020-09-07,917501.0,14792.0
2020-09-08,921562.0,14792.0
2020-09-09,926760.0,14792.0
2020-09-10,928653.0,14792.0
2020-09-11,924520.0,14792.0
2020-09-12,922818.0,14792.0
2020-09-13,922818.0,14792.0
2020-09-14,941475.0,14974.0
2020-09-15,936074.0,14870.0
2020-09-16,937621.0,14844.0
2020-09-17,930230.0,14878.0
2020-09-18,929900.0,14768.0
2020-09-19,926050.0,14768.0
2020-09-20,926050.0,14768.0
2020-09-21,900858.0,14723.01
2020-09-22,902694.0,14782.0
2020-09-23,890306.0,14835.01
2020-09-24,898393.0,14949.01
2020-09-25,895283.0,14951.01
2020-09-26,894716.0,14951.01
2020-09-27,894716.0,14951.01
2020-09-28,902163.0,14959.01
2020-09-29,908939.0,14920.0
2020-09-30,909757.0,14918.0
2020-10-01,912806.0,14876.0
2020-10-02,910391.0,14890.0
2020-10-03,909414.0,14890.0
2020-10-04,909414.0,14890.0
2020-10-05,916179.0,14867.01
2020-10-06,900841.0,14712.0
2020-10-07,896837.0,14784.0
2020-10-08,894191.0,14750.0
2020-10-09,911124.0,14737.01
2020-10-10,914602.0,14737.01
2020-10-11,914602.0,14737.01
2020-10-12,912713.0,14746.0
2020-10-13,899876.0,14793.01
2020-10-14,903237.0,14780.0
2020-10-15,903534.0,14760.0
2020-10-16,903350.0,14766.0
2020-10-17,901546.0,14766.0
2020-10-18,901546.0,14766.0
2020-10-19,905106.0,14741.01
2020-10-20,903668.0,14729.01
2020-10-21,907728.0,14658.0
2020-10-22,898293.0,14697.01
2020-10-23,900732.0,14738.0
2020-10-24,901111.0,14738.0
2020-10-25,901111.0,14738.0
2020-10-26,899460.0,14697.01
2020-10-27,901582.0,14690.0
2020-10-28,888386.0,14690.0
2020-10-29,882784.0,14690.0
2020-10-30,888343.0,14690.0
2020-10-31,887394.0,14690.0
2020-11-01,887394.0,14690.0
2020-11-02,895668.0,14718.0
2020-11-03,895578.0,14609.01
2020-11-04,890284.0,14557.01
2020-11-05,904798.0,14439.01
2020-11-06,898462.0,14321.01
2020-11-07,898513.0,14321.01
2020-11-08,898513.0,14321.01
2020-11-09,844967.0,14172.0
2020-11-10,847849.0,14015.01
2020-11-11,843149.0,14076.0
2020-11-12,857087.0,14187.01
2020-11-13,864564.0,14222.0
2020-11-14,864029.0,14222.0
2020-11-15,864029.0,14222.0
2020-11-16,861397.0,14139.01
2020-11-17,853313.0,14073.01
2020-11-18,853417.0,14118.0
2020-11-19,846878.0,14167.01
2020-11-20,856283.0,14228.0
2020-11-21,855789.0,14228.0
2020-11-22,855789.0,14228.0
2020-11-23,836926.0,14164.0
2020-11-24,823048.0,14196.0
2020-11-25,825041.0,14169.01
2020-11-26,822583.0,14130.0
2020-11-27,812288.0,14145.01
2020-11-28,813602.0,14145.01
2020-11-29,813602.0,14145.01
2020-11-30,808817.0,14128.0
2020-12-01,825040.0,14178.0
2020-12-02,832882.0,14164.0
2020-12-03,834750.0,14177.01
2020-12-04,836129.0,14182.0
2020-12-05,838651.0,14182.0
2020-12-06,838651.0,14182.0
2020-12-07,847188.0,14135.01
2020-12-08,851225.0,14164.0
2020-12-09,839950.0,14164.0
2020-12-10,834181.0,14130.0
2020-12-11,835321.0,14102.0
2020-12-12,833983.0,14102.0
2020-12-13,833983.0,14102.0
2020-12-14,830581.0,14158.0
2020-12-15,842302.0,14171.01
2020-12-16,843957.0,14151.01
2020-12-17,858484.0,14152.0
2020-12-18,856783.0,14146.0
2020-12-19,855605.0,14146.0
2020-12-20,855605.0,14146.0
2020-12-21,855323.0,14146.0
2020-12-22,848651.0,14146.0
2020-12-23,852481.0,14146.0
2020-12-24,854755.0,14146.0
2020-12-25,848965.0,14146.0
2020-12-26,849325.0,14152.0
2020-12-27,849325.0,14152.0
2020-12-28,854972.0,14152.0
2020-12-29,856897.0,14152.0
2020-12-30,858516.0,14152.0
2020-12-31,862334.0,14152.0
2021-01-01,860990.0,14105.01
2021-01-02,860990.0,14105.01
2021-01-03,860990.0,14105.01
2021-01-04,867871.0,13903.01
2021-01-05,874165.0,13945.01
2021-01-06,853461.0,13926.0
2021-01-07,857683.0,13938.0
2021-01-08,840480.0,14058.0
2021-01-09,835770.0,14058.0
2021-01-10,835770.0,14058.0
2021-01-11,841733.0,14155.01
2021-01-12,843118.0,14231.01
2021-01-13,842527.0,14109.01
2021-01-14,838939.0,14119.01
2021-01-15,827558.0,14068.0
2021-01-16,826631.0,14068.0
2021-01-17,826631.0,14068.0
2021-01-18,832270.0,14080.0
2021-01-19,834033.0,14086.0
2021-01-20,844760.0,14065.01
2021-01-21,841362.0,14039.01
2021-01-22,837895.0,14054.0
2021-01-23,838654.0,14054.0
2021-01-24,838654.0,14054.0
2021-01-25,840026.0,14082.0
2021-01-26,839092.0,14086.0
2021-01-27,836382.0,14091.01
2021-01-28,838798.0,14119.01
2021-01-29,841789.0,14084.0
2021-01-30,835043.0,14084.0
2021-01-31,835043.0,14084.0
2021-02-01,912806.0,14876.0
2021-02-02,910391.0,14890.0
2021-02-03,909414.0,14890.0
2021-02-04,909414.0,14890.0
2021-02-05,916179.0,14867.01
2021-02-06,900841.0,14712.0
2021-02-07,896837.0,14784.0
2021-02-08,894191.0,14750.0
2021-02-09,911124.0,14737.01
2021-02-10,914602.0,14737.01
2021-02-11,914602.0,14737.01
2021-02-12,912713.0,14746.0
2021-02-13,899876.0,14793.01
2021-02-14,903237.0,14780.0
2021-02-15,903534.0,14760.0
2021-02-16,903350.0,14766.0
2021-02-17,901546.0,14766.0
2021-02-18,901546.0,14766.0
2021-02-19,905106.0,14741.01
2021-02-20,903668.0,14729.01
2021-02-21,907728.0,14658.0
2021-02-22,898293.0,14697.01
2021-02-23,900732.0,14738.0
2021-02-24,901111.0,14738.0
2021-02-25,901111.0,14738.0
2021-02-26,899460.0,14697.01
2021-02-27,901582.0,14690.0
2021-02-28,888386.0,14690.0
2021-03-01,796209.0,14300.0
2021-03-02,797759.0,14307.01
2021-03-03,792218.0,14334.0
2021-03-04,788633.0,14299.01
2021-03-05,783770.0,14371.01
2021-03-06,785956.0,14371.01
2021-03-07,785956.0,14371.01
2021-03-08,777251.0,14390.0
2021-03-09,798177.0,14468.0
2021-03-10,796864.0,14421.01
2021-03-11,799767.0,14421.01
2021-03-12,793810.0,14371.01
2021-03-13,798477.0,14371.01
2021-03-14,798477.0,14371.01
2021-03-15,801737.0,14418.0
2021-03-16,802687.0,14424.0
2021-03-17,803190.0,14459.01
2021-03-18,802418.0,14412.0
2021-03-19,810319.0,14476.0
2021-03-20,812292.0,14476.0
2021-03-21,812292.0,14476.0
2021-03-22,808423.0,14456.0
2021-03-23,800508.0,14421.01
2021-03-24,806179.0,14455.01
2021-03-25,803848.0,14464.0
2021-03-26,804905.0,14446.0
2021-03-27,804719.0,14446.0
2021-03-28,804719.0,14446.0
2021-03-29,795944.0,14434.0
2021-03-30,784587.0,14481.01
2021-03-31,801947.0,14572.0
2021-04-01,808685.0,14577.01
2021-04-02,811061.0,14577.01
2021-04-03,811061.0,14577.01
2021-04-04,811061.0,14577.01
2021-04-05,810381.0,14584.0
2021-04-06,814659.0,14533.01
2021-04-07,812292.0,14519.01
2021-04-08,819646.0,14513.01
2021-04-09,818006.0,14580.0
2021-04-10,817608.0,14580.0
2021-04-11,817608.0,14580.0
2021-04-12,812095.0,14580.0
2021-04-13,819744.0,14631.01
2021-04-14,817940.0,14648.0
2021-04-15,831476.0,14633.01
2021-04-16,837578.0,14646.0
2021-04-17,836890.0,14646.0
2021-04-18,836890.0,14646.0
2021-04-19,831224.0,14592.0
2021-04-20,832747.0,14568.0
2021-04-21,835521.0,14508.0
2021-04-22,833224.0,14549.01
2021-04-23,830491.0,14530.0
2021-04-24,830178.0,14530.0
2021-04-25,830178.0,14530.0
2021-04-26,832492.0,14548.0
2021-04-27,828502.0,14489.01
2021-04-28,827346.0,14497.01
2021-04-29,825140.0,14510.0
2021-04-30,821970.0,14468.0
2021-05-01,822821.0,14468.0
2021-05-02,822821.0,14468.0
2021-05-03,832851.0,14453.01
2021-05-04,826416.0,14467.01
2021-05-05,827941.0,14431.01
2021-05-06,842865.0,14439.01
2021-05-07,845802.0,14364.0
2021-05-08,845779.0,14364.0
2021-05-09,845779.0,14364.0
2021-05-10,844262.0,14289.01
2021-05-11,837798.0,14198.0
2021-05-12,831143.0,14198.0
2021-05-13,833530.0,14198.0
2021-05-14,839506.0,14198.0
2021-05-15,841701.0,14198.0
2021-05-16,841701.0,14198.0
2021-05-17,852971.0,14203.01
2021-05-18,857468.0,14284.0
2021-05-19,864814.0,14300.0
2021-05-20,866508.0,14313.01
2021-05-21,866427.0,14396.0
2021-05-22,871050.0,14396.0
2021-05-23,871050.0,14396.0
2021-05-24,870640.0,14375.01
2021-05-25,874982.0,14362.0
2021-05-26,878621.0,14362.0
2021-05-27,871762.0,14335.01
2021-05-28,873905.0,14312.0
2021-05-29,876247.0,14312.0
2021-05-30,876247.0,14312.0
2021-05-31,877142.0,14310.0
2021-06-01,875748.0,14310.0
2021-06-02,876061.0,14292.0
2021-06-03,858548.0,14276.0
2021-06-04,868444.0,14297.01
2021-06-05,869327.0,14297.01
2021-06-06,869327.0,14297.01
2021-06-07,872474.0,14316.0
2021-06-08,868415.0,14271.01
2021-06-09,866987.0,14262.0
2021-06-10,868234.0,14262.0
2021-06-11,860362.0,14240.0
2021-06-12,859281.0,14240.0
2021-06-13,859281.0,14240.0
2021-06-14,851470.0,14206.0
2021-06-15,846928.0,14222.0
2021-06-16,851462.0,14244.0
2021-06-17,812265.0,14257.01
2021-06-18,819593.0,14378.0
2021-06-19,815576.0,14378.0
2021-06-20,815576.0,14378.0
2021-06-21,825802.0,14403.01
2021-06-22,826197.0,14453.01
2021-06-23,826839.0,14421.01
2021-06-24,825845.0,14454.0
2021-06-25,826725.0,14462.0
2021-06-26,828236.0,14462.0
2021-06-27,828236.0,14462.0
2021-06-28,826727.0,14447.01
2021-06-29,820471.0,14472.0
2021-06-30,826627.0,14496.0
2021-07-01,828390.0,14542.0
2021-07-02,832838.0,14539.01
2021-07-03,835563.0,14539.01
2021-07-04,835563.0,14539.01
2021-07-05,839069.0,14564.0
2021-07-06,834810.0,14482.0
2021-07-07,838362.0,14468.0
2021-07-08,838160.0,14500.0
2021-07-09,846819.0,14548.0
2021-07-10,845907.0,14548.0
2021-07-11,845907.0,14548.0
2021-07-12,844363.0,14548.0
2021-07-13,843718.0,14486.0
2021-07-14,848626.0,14486.0
2021-07-15,851171.0,14493.01
2021-07-16,846807.0,14503.01
2021-07-17,845072.0,14503.01
2021-07-18,845072.0,14503.01
2021-07-19,844063.0,14517.01
2021-07-20,845062.0,14517.01
2021-07-21,841980.0,14524.0
2021-07-22,844599.0,14554.0
2021-07-23,840731.0,14508.0
2021-07-24,840670.0,14508.0
2021-07-25,840670.0,14508.0
2021-07-26,838792.0,14501.01
2021-07-27,839076.0,14494.0
2021-07-28,839304.0,14489.01
2021-07-29,853403.0,14498.0
2021-07-30,846087.0,14491.01
2021-07-31,844960.0,14491.01
2021-08-01,844960.0,14491.01
2021-08-02,845258.0,14462.0
2021-08-03,841524.0,14456.0
2021-08-04,836546.0,14362.0
2021-08-05,832518.0,14324.0
2021-08-06,811219.0,14342.0
2021-08-07,813248.0,14342.0
2021-08-08,813248.0,14342.0
2021-08-09,797363.0,14369.01
2021-08-10,799670.0,14378.0
2021-08-11,809030.0,14378.0
2021-08-12,810942.0,14397.01
2021-08-13,821951.0,14389.01
2021-08-14,823154.0,14389.01
2021-08-15,823154.0,14389.01
2021-08-16,826389.0,14388.0
2021-08-17,824609.0,14388.0
2021-08-18,824249.0,14383.01
2021-08-19,824398.0,14384.0
2021-08-20,826636.0,14414.0
2021-08-21,825709.0,14414.0
2021-08-22,825709.0,14414.0
2021-08-23,838465.0,14464.0
2021-08-24,837103.0,14415.01
2021-08-25,828131.0,14391.01
2021-08-26,830308.0,14408.0
2021-08-27,842544.0,14423.01
2021-08-28,842993.0,14423.01
2021-08-29,842993.0,14423.01
2021-08-30,839925.0,14431.01
2021-08-31,838151.0,14374.0
2021-09-01,834094.0,14306.0
2021-09-02,830832.0,14284.0
2021-09-03,840231.0,14281.01
2021-09-04,839069.0,14281.01
2021-09-05,839069.0,14281.01
2021-09-06,836060.0,14261.01
2021-09-07,822392.0,14239.01
2021-09-08,817651.0,14195.01
2021-09-09,822675.0,14266.0
2021-09-10,822154.0,14272.0
2021-09-11,820333.0,14272.0
2021-09-12,820333.0,14272.0
2021-09-13,820371.0,14225.01
2021-09-14,826887.0,14260.0
2021-09-15,821914.0,14257.01
2021-09-16,803851.0,14252.0
2021-09-17,801775.0,14238.0
2021-09-18,803309.0,14238.0
2021-09-19,803309.0,14238.0
2021-09-20,806253.0,14233.01
2021-09-21,814311.0,14251.01
2021-09-22,814148.0,14244.0
2021-09-23,801717.0,14249.01
2021-09-24,802606.0,14256.0
2021-09-25,802496.0,14256.0
2021-09-26,802496.0,14256.0
2021-09-27,802753.0,14250.0
2021-09-28,796525.0,14258.0
2021-09-29,791658.0,14269.01
2021-09-30,808453.0,14307.01
2021-10-01,810285.0,14321.01
2021-10-02,810828.0,14321.01
2021-10-03,810828.0,14321.01
2021-10-04,813835.0,14315.01
2021-10-05,807601.0,14276.0
2021-10-06,807920.0,14260.0
2021-10-07,804904.0,14245.01
2021-10-08,805012.0,14238.0
2021-10-09,804266.0,14238.0
2021-10-10,804266.0,14238.0
2021-10-11,803097.0,14225.01
2021-10-12,804370.0,14210.0
2021-10-13,819375.0,14217.01
2021-10-14,821535.0,14221.01
2021-10-15,804725.0,14155.01
2021-10-16,804438.0,14155.01
2021-10-17,804438.0,14155.01
2021-10-18,799855.0,14084.0
2021-10-19,801692.0,14096.0
2021-10-20,809355.0,14096.0
2021-10-21,806187.0,14080.0
2021-10-22,816828.0,14133.01
2021-10-23,814475.0,14133.01
2021-10-24,814475.0,14133.01
2021-10-25,822889.0,14162.0
2021-10-26,817010.0,14183.01
2021-10-27,817498.0,14165.01
2021-10-28,821704.0,14184.0
2021-10-29,811878.0,14199.01
2021-10-30,814224.0,14199.01
2021-10-31,814224.0,14199.01
2021-11-01,816232.0,14171.01
2021-11-02,818550.0,14235.01
2021-11-03,808041.0,14261.01
2021-11-04,823655.0,14301.01
2021-11-05,835176.0,14327.01
2021-11-06,837327.0,14327.01
2021-11-07,837327.0,14327.01
2021-11-08,842962.0,14374.0
2021-11-09,839222.0,14268.0
2021-11-10,849154.0,14233.01
2021-11-11,853646.0,14253.01
2021-11-12,855985.0,14288.0
2021-11-13,856509.0,14288.0
2021-11-14,856509.0,14288.0
2021-11-15,853153.0,14243.01
2021-11-16,847903.0,14206.0
2021-11-17,851679.0,14211.01
2021-11-18,853341.0,14259.01
2021-11-19,849862.0,14231.01
2021-11-20,844624.0,14231.01
2021-11-21,844624.0,14231.01
2021-11-22,831980.0,14237.01
2021-11-23,816973.0,14255.01
2021-11-24,820645.0,14272.0
2021-11-25,821191.0,14272.0
2021-11-26,819365.0,14280.0
2021-11-27,823005.0,14280.0
2021-11-28,823005.0,14280.0
2021-11-29,819140.0,14280.0
2021-11-30,818603.0,14340.0
2021-12-01,822093.0,14320.0
2021-12-02,815561.0,14353.01
2021-12-03,822159.0,14378.0
2021-12-04,824424.0,14378.0
2021-12-05,824424.0,14378.0
2021-12-06,826556.0,14408.0
2021-12-07,829327.0,14441.01
2021-12-08,825579.0,14408.0
2021-12-09,819175.0,14348.0
2021-12-10,823836.0,14351.01
2021-12-11,822738.0,14351.01
2021-12-12,822738.0,14351.01
2021-12-13,827086.0,14378.0
2021-12-14,817751.0,14346.0
2021-12-15,815692.0,14348.0
2021-12-16,828905.0,14337.01
2021-12-17,833056.0,14343.01
2021-12-18,829215.0,14343.01
2021-12-19,829215.0,14343.01
2021-12-20,827960.0,14343.01
2021-12-21,826571.0,14384.0
2021-12-22,829358.0,14349.01
2021-12-23,828770.0,14264.0
2021-12-24,828569.0,14251.01
2021-12-25,828569.0,14251.01
2021-12-26,828569.0,14251.01
2021-12-27,827938.0,14219.01
2021-12-28,827981.0,14225.01
2021-12-29,825151.0,14237.01
2021-12-30,831819.0,14265.01
2021-12-31,837383.0,14269.01
2022-01-01,839094.0,14269.01
2022-01-02,839094.0,14269.01
2022-01-03,826209.0,14278.0
2022-01-04,831715.0,14270.0
2022-01-05,839540.0,14310.0
2022-01-06,826838.0,14365.01
2022-01-07,830089.0,14396.0
2022-01-08,831454.0,14396.0
2022-01-09,831454.0,14396.0
2022-01-10,828406.0,14360.0
2022-01-11,836260.0,14323.01
2022-01-12,838766.0,14299.01
2022-01-13,836187.0,14302.0
2022-01-14,836590.0,14311.01
2022-01-15,836217.0,14311.01
2022-01-16,836217.0,14311.01
2022-01-17,836940.0,14310.0
2022-01-18,835376.0,14323.01
2022-01-19,847582.0,14325.01
2022-01-20,850831.0,14370.0
2022-01-21,846214.0,14354.0
2022-01-22,846644.0,14354.0
2022-01-23,846644.0,14354.0
2022-01-24,846277.0,14347.01
2022-01-25,851431.0,14327.01
2022-01-26,845822.0,14358.0
2022-01-27,826611.0,14346.0
2022-01-28,824978.0,14385.01
2022-01-29,828831.0,14385.01
2022-01-30,828831.0,14385.01
2022-01-31,831125.0,14381.01
2022-02-01,810285.0,14321.01
2022-02-02,810828.0,14321.01
2022-02-03,810828.0,14321.01
2022-02-04,813835.0,14315.01
2022-02-05,807601.0,14276.0
2022-02-06,807920.0,14260.0
2022-02-07,804904.0,14245.01
2022-02-08,805012.0,14238.0
2022-02-09,804266.0,14238.0
2022-02-10,804266.0,14238.0
2022-02-11,803097.0,14225.01
2022-02-12,804370.0,14210.0
2022-02-13,819375.0,14217.01
2022-02-14,821535.0,14221.01
2022-02-15,804725.0,14155.01
2022-02-16,804438.0,14155.01
2022-02-17,804438.0,14155.01
2022-02-18,799855.0,14084.0
2022-02-19,801692.0,14096.0
2022-02-20,809355.0,14096.0
2022-02-21,806187.0,14080.0
2022-02-22,816828.0,14133.01
2022-02-23,814475.0,14133.01
2022-02-24,814475.0,14133.01
2022-02-25,822889.0,14162.0
2022-02-26,817010.0,14183.01
2022-02-27,817498.0,14165.01
2022-02-28,821704.0,14184.0
2022-03-01,893195.0,14369.01
2022-03-02,886182.0,14350.0
2022-03-03,890629.0,14350.0
2022-03-04,907663.0,14373.01
2022-03-05,910657.0,14373.01
2022-03-06,910657.0,14373.01
2022-03-07,915244.0,14383.01
2022-03-08,952860.0,14411.01
2022-03-09,926708.0,14394.0
2022-03-10,922007.0,14371.01
2022-03-11,913021.0,14298.0
2022-03-12,913862.0,14298.0
2022-03-13,913862.0,14298.0
2022-03-14,901223.0,14306.0
2022-03-15,888292.0,14328.0
2022-03-16,879097.0,14321.01
2022-03-17,894462.0,14311.01
2022-03-18,885807.0,14290.0
2022-03-19,882798.0,14290.0
2022-03-20,882798.0,14290.0
2022-03-21,890544.0,14340.0
2022-03-22,885562.0,14341.01
2022-03-23,892972.0,14358.0
2022-03-24,905378.0,14351.01
2022-03-25,903151.0,14361.01
2022-03-26,904222.0,14361.01
2022-03-27,904222.0,14361.01
2022-03-28,893686.0,14341.01
2022-03-29,884445.0,14360.0
2022-03-30,892422.0,14364.0
2022-03-31,896593.0,14349.01
2022-04-01,888641.0,14357.01
2022-04-02,888466.0,14357.01
2022-04-03,888466.0,14357.01
2022-04-04,891914.0,14364.0
2022-04-05,888350.0,14362.0
2022-04-06,887904.0,14348.0
2022-04-07,893572.0,14364.0
2022-04-08,896234.0,14359.01
2022-04-09,899101.0,14359.01
2022-04-10,899101.0,14359.01
2022-04-11,897200.0,14365.01
2022-04-12,911903.0,14370.0
2022-04-13,913956.0,14364.0
2022-04-14,910093.0,14359.01
2022-04-15,911169.0,14359.01
2022-04-16,911672.0,14359.01
2022-04-17,911672.0,14359.01
2022-04-18,916407.0,14349.01
2022-04-19,903699.0,14356.0
2022-04-20,900845.0,14347.01
2022-04-21,894882.0,14351.01
2022-04-22,892673.0,14348.0
2022-04-23,891211.0,14348.0
2022-04-24,891211.0,14348.0
2022-04-25,875476.0,14361.01
2022-04-26,883736.0,14452.0
2022-04-27,874887.0,14412.0
2022-04-28,875464.0,14418.0
2022-04-29,884527.0,14418.0
2022-04-30,879330.0,14418.0
2022-05-01,879330.0,14418.0
2022-05-02,865553.0,14418.0
2022-05-03,866485.0,14418.0
2022-05-04,866031.0,14418.0
2022-05-05,869554.0,14418.0
2022-05-06,875404.0,14418.0
2022-05-07,873262.0,14418.0
2022-05-08,873262.0,14418.0
2022-05-09,866552.0,14480.0
2022-05-10,862153.0,14534.0
2022-05-11,866330.0,14546.0
2022-05-12,855420.0,14546.0
2022-05-13,849109.0,14585.01
2022-05-14,849254.0,14585.01
2022-05-15,849254.0,14585.01
2022-05-16,851576.0,14585.01
2022-05-17,856094.0,14619.01
2022-05-18,857987.0,14651.01
2022-05-19,869771.0,14682.0
2022-05-20,871718.0,14731.01
2022-05-21,874541.0,14731.01
2022-05-22,874541.0,14731.01
2022-05-23,872068.0,14661.01
2022-05-24,880443.0,14665.01
2022-05-25,869279.0,14653.01
2022-05-26,870023.0,14653.01
2022-05-27,872293.0,14645.01
2022-05-28,872707.0,14645.01
2022-05-29,872707.0,14645.01
2022-05-30,869980.0,14578.0
2022-05-31,862882.0,14544.0
2022-06-01,864369.0,14544.0
2022-06-02,876478.0,14592.0
2022-06-03,864256.0,14526.0
2022-06-04,864504.0,14526.0
2022-06-05,864504.0,14526.0
2022-06-06,854721.0,14431.01
2022-06-07,860416.0,14462.0
2022-06-08,862646.0,14464.0
2022-06-09,860387.0,14477.01
2022-06-10,875290.0,14555.01
2022-06-11,875828.0,14555.01
2022-06-12,875828.0,14555.01
2022-06-13,856759.0,14569.01
2022-06-14,855301.0,14672.0
2022-06-15,861986.0,14729.01
2022-06-16,878147.0,14746.0
2022-06-17,871419.0,14741.01
2022-06-18,872158.0,14741.01
2022-06-19,872158.0,14741.01
2022-06-20,875426.0,14828.0
2022-06-21,875827.0,14836.0
2022-06-22,875123.0,14804.0
2022-06-23,874870.0,14860.0
2022-06-24,871252.0,14835.01
2022-06-25,871657.0,14835.01
2022-06-26,871657.0,14835.01
2022-06-27,871659.0,14846.0
2022-06-28,866977.0,14802.0
2022-06-29,866881.0,14837.01
2022-06-30,864343.0,14848.0
2022-07-01,861691.0,14882.0
2022-07-02,865988.0,14882.0
2022-07-03,865988.0,14882.0
2022-07-04,868736.0,14956.0
2022-07-05,849946.0,14960.0
2022-07-06,836811.0,14990.0
2022-07-07,841196.0,15015.01
2022-07-08,839551.0,14986.0
2022-07-09,839484.0,14986.0
2022-07-10,839484.0,14986.0
2022-07-11,838236.0,14981.01
2022-07-12,834190.0,14969.0
2022-07-13,837412.0,14993.0
2022-07-14,822132.0,14985.0
2022-07-15,822094.0,14999.0
2022-07-16,823295.0,14999.0
2022-07-17,823295.0,14999.0
2022-07-18,825407.0,14999.0
2022-07-19,824687.0,14986.0
2022-07-20,820853.0,14992.0
2022-07-21,824514.0,14984.0
2022-07-22,835151.0,15017.0
2022-07-23,834026.0,15017.0
2022-07-24,834026.0,15017.0
2022-07-25,829643.0,15024.0
2022-07-26,828681.0,14992.0
2022-07-27,828971.0,14984.0
2022-07-28,847280.0,15020.0
2022-07-29,848067.0,14958.0
2022-07-30,849366.0,14958.0
2022-07-31,849366.0,14958.0
2022-08-01,847045.0,14860.0
2022-08-02,849254.0,14874.0
2022-08-03,841944.0,14888.0
2022-08-04,857358.0,14917.0
2022-08-05,858048.0,14929.0
2022-08-06,858048.0,14929.0
2022-08-07,858048.0,14929.0
2022-08-08,856611.0,14904.0
2022-08-09,857243.0,14915.0
2022-08-10,859128.0,14862.0
2022-08-11,855734.0,14875.01
2022-08-12,855325.0,14799.0
2022-08-13,857337.0,14799.0
2022-08-14,857337.0,14799.0
2022-08-15,841443.0,14688.0
2022-08-16,841097.0,14727.0
2022-08-17,834696.0,14727.0
2022-08-18,834613.0,14767.0
2022-08-19,833671.0,14822.0
2022-08-20,832513.0,14822.0
2022-08-21,832513.0,14822.0
2022-08-22,829008.0,14858.0
2022-08-23,837045.0,14882.0
2022-08-24,837477.0,14893.0
2022-08-25,839069.0,14851.0
2022-08-26,827445.0,14827.0
2022-08-27,828551.0,14827.0
2022-08-28,828551.0,14827.0
2022-08-29,827800.0,14814.0
2022-08-30,825322.0,14887.0
2022-08-31,820971.0,14875.01
2022-09-01,809508.0,14853.0
2022-09-02,820189.0,14884.0
2022-09-03,819486.0,14884.0
2022-09-04,819486.0,14884.0
2022-09-05,820046.0,14900.0
2022-09-06,816484.0,14920.0
2022-09-07,820450.0,14885.0
2022-09-08,818748.0,14927.0
2022-09-09,824087.0,14905.0
2022-09-10,822952.0,14905.0
2022-09-11,822952.0,14905.0
2022-09-12,826128.0,14846.0
2022-09-13,813186.0,14839.0
2022-09-14,813341.0,14861.0
2022-09-15,798354.0,14923.0
2022-09-16,801788.0,14899.0
2022-09-17,802459.0,14899.0
2022-09-18,802459.0,14899.0
2022-09-19,802437.0,14939.0
2022-09-20,801451.0,14980.0
2022-09-21,801955.0,14975.01
2022-09-22,808235.0,15011.0
2022-09-23,795974.0,15033.0
2022-09-24,794533.0,15033.0
2022-09-25,794533.0,15033.0
2022-09-26,788476.0,15035.0
2022-09-27,792128.0,15119.0
2022-09-28,808451.0,15155.0
2022-09-29,813361.0,15243.0
2022-09-30,816153.0,15247.0
2022-10-01,814030.0,15247.0
2022-10-02,814030.0,15247.0
2022-10-03,827593.0,15232.0
2022-10-04,847816.0,15293.0
2022-10-05,839055.0,15276.0
2022-10-06,836200.0,15196.0
2022-10-07,830821.0,15197.0
2022-10-08,828095.0,15197.0
2022-10-09,828095.0,15197.0
2022-10-10,817408.0,15246.0
2022-10-11,826865.0,15299.0
2022-10-12,824610.0,15362.0
2022-10-13,823347.0,15373.0
2022-10-14,811509.0,15357.0
2022-10-15,811786.0,15357.0
2022-10-16,811786.0,15357.0
2022-10-17,820646.0,15390.0
2022-10-18,821219.0,15480.0
2022-10-19,810883.0,15469.0
2022-10-20,814646.0,15491.0
2022-10-21,827468.0,15579.0
2022-10-22,830253.0,15579.0
2022-10-23,830253.0,15579.0
2022-10-24,828668.0,15610.0
2022-10-25,828273.0,15590.0
2022-10-26,836643.0,15616.0
2022-10-27,831109.0,15596.0
2022-10-28,822333.0,15573.0
2022-10-29,823474.0,15573.0
2022-10-30,823474.0,15573.0
2022-10-31,818012.0,15542.0
2022-11-01,824615.0,15596.0
2022-11-02,828997.0,15647.0
2022-11-03,818694.0,15652.0
2022-11-04,843503.0,15681.0
2022-11-05,847637.0,15681.0
2022-11-06,847637.0,15681.0
2022-11-07,849118.0,15736.0
2022-11-08,865526.0,15692.0
2022-11-09,863910.0,15684.0
2022-11-10,880678.0,15654.0
2022-11-11,890344.0,15701.0
2022-11-12,893888.0,15701.0
2022-11-13,893888.0,15701.0
2022-11-14,881423.0,15493.0
2022-11-15,882283.0,15499.0
2022-11-16,888295.0,15564.0
2022-11-17,881876.0,15610.0
2022-11-18,884703.0,15687.0
2022-11-19,883135.0,15687.0
2022-11-20,883135.0,15687.0
2022-11-21,874431.0,15692.0
2022-11-22,879544.0,15707.0
2022-11-23,878249.0,15716.0
2022-11-24,886663.0,15700.0
2022-11-25,881064.0,15647.0
2022-11-26,882674.0,15647.0
2022-11-27,882674.0,15647.0
2022-11-28,879048.0,15668.0
2022-11-29,885499.0,15729.0
2022-11-30,886435.0,15737.0
2022-12-01,912063.0,15742.0
2022-12-02,901131.0,15617.0
2022-12-03,902788.0,15617.0
2022-12-04,902788.0,15617.0
2022-12-05,879379.0,15429.0
2022-12-06,877893.0,15409.0
2022-12-07,892110.0,15576.0
2022-12-08,898760.0,15619.0
2022-12-09,906307.0,15624.0
2022-12-10,902851.0,15624.0
2022-12-11,902851.0,15624.0
2022-12-12,894198.0,15587.0
2022-12-13,909247.0,15642.0
2022-12-14,911675.0,15661.0
2022-12-15,892945.0,15619.0
2022-12-16,898951.0,15630.0
2022-12-17,901077.0,15630.0
2022-12-18,901077.0,15630.0
2022-12-19,897907.0,15617.0
2022-12-20,913048.0,15621.0
2022-12-21,911461.0,15608.0
2022-12-22,900759.0,15601.0
2022-12-23,902947.0,15594.0
2022-12-24,901734.0,15594.0
2022-12-25,901734.0,15594.0
2022-12-26,906750.0,15605.0
2022-12-27,915081.0,15636.0
2022-12-28,906932.0,15659.0
2022-12-29,916821.0,15703.0
2022-12-30,918229.0,15731.0
2022-12-31,922442.0,15731.0
2023-01-01,922442.0,15731.0
2023-01-02,915424.0,15592.0
2023-01-03,917294.0,15572.0
2023-01-04,931180.0,15590.0
2023-01-05,918948.0,15615.0
2023-01-06,934824.0,15610.0
2023-01-07,936561.0,15610.0
2023-01-08,936561.0,15610.0
2023-01-09,944002.0,15635.0
2023-01-10,937826.0,15574.0
2023-01-11,939240.0,15589.0
2023-01-12,944525.0,15527.0
2023-01-13,944399.0,15366.0
2023-01-14,948727.0,15366.0
2023-01-15,948727.0,15366.0
2023-01-16,933959.0,15177.0
2023-01-17,923464.0,15019.0
2023-01-18,929860.0,15154.0
2023-01-19,934666.0,15137.0
